Not searching for unused variables given on the command line.
-- The C compiler identification is GNU 15.1.0
-- The CXX compiler identification is GNU 15.1.0
-- Detecting C compiler ABI info
-- Detecting C compiler ABI info - done
-- Check for working C compiler: /home/fercikmate/.espressif/tools/riscv32-esp-elf/esp-15.1.0_20250607/riscv32-esp-elf/bin/riscv32-esp-elf-gcc - skipped
-- Detecting C compile features
-- Detecting C compile features - done
-- Detecting CXX compiler ABI info
-- Detecting CXX compiler ABI info - done
-- Check for working CXX compiler: /home/fercikmate/.espressif/tools/riscv32-esp-elf/esp-15.1.0_20250607/riscv32-esp-elf/bin/riscv32-esp-elf-g++ - skipped
-- Detecting CXX compile features
-- Detecting CXX compile features - done
-- Found ament_cmake: 2.7.3 (/home/fercikmate/ftn/osurv/espROSso/esp32try5/components/micro_ros_espidf_component/micro_ros_dev/install/ament_cmake/share/ament_cmake/cmake)
-- Found Python3: /home/fercikmate/.espressif/python_env/idf6.0_py3.10_env/bin/python3 (found version "3.10.12") found components: Interpreter 
-- Found rosidl_default_generators: 1.7.1 (/home/fercikmate/ftn/osurv/espROSso/esp32try5/components/micro_ros_espidf_component/micro_ros_src/install/share/rosidl_default_generators/cmake)
-- Using all available rosidl_typesupport_c: rosidl_typesupport_introspection_c;rosidl_typesupport_microxrcedds_c
-- Found rosidl_adapter: 4.9.5 (/home/fercikmate/ftn/osurv/espROSso/esp32try5/components/micro_ros_espidf_component/micro_ros_src/install/share/rosidl_adapter/cmake)
-- Found ament_cmake_ros: 0.14.3 (/home/fercikmate/ftn/osurv/espROSso/esp32try5/components/micro_ros_espidf_component/micro_ros_dev/install/ament_cmake_ros/share/ament_cmake_ros/cmake)
-- Using all available rosidl_typesupport_c: rosidl_typesupport_introspection_c;rosidl_typesupport_microxrcedds_c
-- Configuring done
-- Generating done
-- Build files have been written to: /home/fercikmate/ftn/osurv/espROSso/esp32try5/components/micro_ros_espidf_component/micro_ros_src/build/example_interfaces
gmake[1]: Entering directory '/home/fercikmate/ftn/osurv/espROSso/esp32try5/components/micro_ros_espidf_component/micro_ros_src/build/example_interfaces'
gmake[2]: Entering directory '/home/fercikmate/ftn/osurv/espROSso/esp32try5/components/micro_ros_espidf_component/micro_ros_src/build/example_interfaces'
gmake[3]: Entering directory '/home/fercikmate/ftn/osurv/espROSso/esp32try5/components/micro_ros_espidf_component/micro_ros_src/build/example_interfaces'
gmake[3]: Leaving directory '/home/fercikmate/ftn/osurv/espROSso/esp32try5/components/micro_ros_espidf_component/micro_ros_src/build/example_interfaces'
gmake[3]: Entering directory '/home/fercikmate/ftn/osurv/espROSso/esp32try5/components/micro_ros_espidf_component/micro_ros_src/build/example_interfaces'
[  1%] [34m[1mGenerating type hashes for ROS interfaces[0m
gmake[3]: Leaving directory '/home/fercikmate/ftn/osurv/espROSso/esp32try5/components/micro_ros_espidf_component/micro_ros_src/build/example_interfaces'
[  1%] Built target example_interfaces__rosidl_generator_type_description
gmake[3]: Entering directory '/home/fercikmate/ftn/osurv/espROSso/esp32try5/components/micro_ros_espidf_component/micro_ros_src/build/example_interfaces'
[  1%] [34m[1mGenerating C code for ROS interfaces[0m
gmake[3]: Leaving directory '/home/fercikmate/ftn/osurv/espROSso/esp32try5/components/micro_ros_espidf_component/micro_ros_src/build/example_interfaces'
gmake[3]: Entering directory '/home/fercikmate/ftn/osurv/espROSso/esp32try5/components/micro_ros_espidf_component/micro_ros_src/build/example_interfaces'
[  1%] [32mBuilding C object CMakeFiles/example_interfaces__rosidl_generator_c.dir/rosidl_generator_c/example_interfaces/action/detail/fibonacci__type_support.c.obj[0m
[  2%] [32mBuilding C object CMakeFiles/example_interfaces__rosidl_generator_c.dir/rosidl_generator_c/example_interfaces/action/detail/fibonacci__functions.c.obj[0m
[  2%] [32mBuilding C object CMakeFiles/example_interfaces__rosidl_generator_c.dir/rosidl_generator_c/example_interfaces/action/detail/fibonacci__description.c.obj[0m
[  2%] [32mBuilding C object CMakeFiles/example_interfaces__rosidl_generator_c.dir/rosidl_generator_c/example_interfaces/msg/detail/byte__description.c.obj[0m
[  3%] [32mBuilding C object CMakeFiles/example_interfaces__rosidl_generator_c.dir/rosidl_generator_c/example_interfaces/msg/detail/bool__description.c.obj[0m
[  3%] [32mBuilding C object CMakeFiles/example_interfaces__rosidl_generator_c.dir/rosidl_generator_c/example_interfaces/msg/detail/bool__functions.c.obj[0m
[  4%] [32mBuilding C object CMakeFiles/example_interfaces__rosidl_generator_c.dir/rosidl_generator_c/example_interfaces/msg/detail/byte_multi_array__description.c.obj[0m
[  5%] [32mBuilding C object CMakeFiles/example_interfaces__rosidl_generator_c.dir/rosidl_generator_c/example_interfaces/msg/detail/bool__type_support.c.obj[0m
[  5%] [32mBuilding C object CMakeFiles/example_interfaces__rosidl_generator_c.dir/rosidl_generator_c/example_interfaces/msg/detail/char__description.c.obj[0m
[  6%] [32mBuilding C object CMakeFiles/example_interfaces__rosidl_generator_c.dir/rosidl_generator_c/example_interfaces/msg/detail/byte__functions.c.obj[0m
[  6%] [32mBuilding C object CMakeFiles/example_interfaces__rosidl_generator_c.dir/rosidl_generator_c/example_interfaces/msg/detail/byte_multi_array__functions.c.obj[0m
[  7%] [32mBuilding C object CMakeFiles/example_interfaces__rosidl_generator_c.dir/rosidl_generator_c/example_interfaces/msg/detail/byte_multi_array__type_support.c.obj[0m
[  7%] [32mBuilding C object CMakeFiles/example_interfaces__rosidl_generator_c.dir/rosidl_generator_c/example_interfaces/msg/detail/char__type_support.c.obj[0m
[  7%] [32mBuilding C object CMakeFiles/example_interfaces__rosidl_generator_c.dir/rosidl_generator_c/example_interfaces/msg/detail/byte__type_support.c.obj[0m
[  7%] [32mBuilding C object CMakeFiles/example_interfaces__rosidl_generator_c.dir/rosidl_generator_c/example_interfaces/msg/detail/empty__functions.c.obj[0m
[  8%] [32mBuilding C object CMakeFiles/example_interfaces__rosidl_generator_c.dir/rosidl_generator_c/example_interfaces/msg/detail/float32__description.c.obj[0m
[  9%] [32mBuilding C object CMakeFiles/example_interfaces__rosidl_generator_c.dir/rosidl_generator_c/example_interfaces/msg/detail/char__functions.c.obj[0m
[ 10%] [32mBuilding C object CMakeFiles/example_interfaces__rosidl_generator_c.dir/rosidl_generator_c/example_interfaces/msg/detail/float32__functions.c.obj[0m
[  8%] [32mBuilding C object CMakeFiles/example_interfaces__rosidl_generator_c.dir/rosidl_generator_c/example_interfaces/msg/detail/empty__description.c.obj[0m
[ 11%] [32mBuilding C object CMakeFiles/example_interfaces__rosidl_generator_c.dir/rosidl_generator_c/example_interfaces/msg/detail/empty__type_support.c.obj[0m
[ 11%] [32mBuilding C object CMakeFiles/example_interfaces__rosidl_generator_c.dir/rosidl_generator_c/example_interfaces/msg/detail/float32__type_support.c.obj[0m
[ 11%] [32mBuilding C object CMakeFiles/example_interfaces__rosidl_generator_c.dir/rosidl_generator_c/example_interfaces/msg/detail/float32_multi_array__functions.c.obj[0m
[ 12%] [32mBuilding C object CMakeFiles/example_interfaces__rosidl_generator_c.dir/rosidl_generator_c/example_interfaces/msg/detail/float32_multi_array__description.c.obj[0m
[ 13%] [32mBuilding C object CMakeFiles/example_interfaces__rosidl_generator_c.dir/rosidl_generator_c/example_interfaces/msg/detail/float32_multi_array__type_support.c.obj[0m
[ 13%] [32mBuilding C object CMakeFiles/example_interfaces__rosidl_generator_c.dir/rosidl_generator_c/example_interfaces/msg/detail/float64__description.c.obj[0m
[ 13%] [32mBuilding C object CMakeFiles/example_interfaces__rosidl_generator_c.dir/rosidl_generator_c/example_interfaces/msg/detail/float64__type_support.c.obj[0m
[ 13%] [32mBuilding C object CMakeFiles/example_interfaces__rosidl_generator_c.dir/rosidl_generator_c/example_interfaces/msg/detail/float64_multi_array__functions.c.obj[0m
[ 14%] [32mBuilding C object CMakeFiles/example_interfaces__rosidl_generator_c.dir/rosidl_generator_c/example_interfaces/msg/detail/float64__functions.c.obj[0m
[ 15%] [32mBuilding C object CMakeFiles/example_interfaces__rosidl_generator_c.dir/rosidl_generator_c/example_interfaces/msg/detail/float64_multi_array__description.c.obj[0m
[ 15%] [32mBuilding C object CMakeFiles/example_interfaces__rosidl_generator_c.dir/rosidl_generator_c/example_interfaces/msg/detail/float64_multi_array__type_support.c.obj[0m
[ 16%] [32mBuilding C object CMakeFiles/example_interfaces__rosidl_generator_c.dir/rosidl_generator_c/example_interfaces/msg/detail/int16__description.c.obj[0m
[ 16%] [32mBuilding C object CMakeFiles/example_interfaces__rosidl_generator_c.dir/rosidl_generator_c/example_interfaces/msg/detail/int16__functions.c.obj[0m
[ 17%] [32mBuilding C object CMakeFiles/example_interfaces__rosidl_generator_c.dir/rosidl_generator_c/example_interfaces/msg/detail/int16__type_support.c.obj[0m
[ 18%] [32mBuilding C object CMakeFiles/example_interfaces__rosidl_generator_c.dir/rosidl_generator_c/example_interfaces/msg/detail/int16_multi_array__functions.c.obj[0m
[ 18%] [32mBuilding C object CMakeFiles/example_interfaces__rosidl_generator_c.dir/rosidl_generator_c/example_interfaces/msg/detail/int32__functions.c.obj[0m
[ 18%] [32mBuilding C object CMakeFiles/example_interfaces__rosidl_generator_c.dir/rosidl_generator_c/example_interfaces/msg/detail/int16_multi_array__description.c.obj[0m
[ 18%] [32mBuilding C object CMakeFiles/example_interfaces__rosidl_generator_c.dir/rosidl_generator_c/example_interfaces/msg/detail/int16_multi_array__type_support.c.obj[0m
[ 19%] [32mBuilding C object CMakeFiles/example_interfaces__rosidl_generator_c.dir/rosidl_generator_c/example_interfaces/msg/detail/int32__description.c.obj[0m
[ 19%] [32mBuilding C object CMakeFiles/example_interfaces__rosidl_generator_c.dir/rosidl_generator_c/example_interfaces/msg/detail/int32_multi_array__description.c.obj[0m
[ 20%] [32mBuilding C object CMakeFiles/example_interfaces__rosidl_generator_c.dir/rosidl_generator_c/example_interfaces/msg/detail/int32__type_support.c.obj[0m
[ 21%] [32mBuilding C object CMakeFiles/example_interfaces__rosidl_generator_c.dir/rosidl_generator_c/example_interfaces/msg/detail/int64__description.c.obj[0m
[ 21%] [32mBuilding C object CMakeFiles/example_interfaces__rosidl_generator_c.dir/rosidl_generator_c/example_interfaces/msg/detail/int32_multi_array__type_support.c.obj[0m
[ 21%] [32mBuilding C object CMakeFiles/example_interfaces__rosidl_generator_c.dir/rosidl_generator_c/example_interfaces/msg/detail/int64__functions.c.obj[0m
[ 22%] [32mBuilding C object CMakeFiles/example_interfaces__rosidl_generator_c.dir/rosidl_generator_c/example_interfaces/msg/detail/int32_multi_array__functions.c.obj[0m
[ 23%] [32mBuilding C object CMakeFiles/example_interfaces__rosidl_generator_c.dir/rosidl_generator_c/example_interfaces/msg/detail/int64__type_support.c.obj[0m
[ 23%] [32mBuilding C object CMakeFiles/example_interfaces__rosidl_generator_c.dir/rosidl_generator_c/example_interfaces/msg/detail/int64_multi_array__description.c.obj[0m
[ 24%] [32mBuilding C object CMakeFiles/example_interfaces__rosidl_generator_c.dir/rosidl_generator_c/example_interfaces/msg/detail/int8__description.c.obj[0m
[ 24%] [32mBuilding C object CMakeFiles/example_interfaces__rosidl_generator_c.dir/rosidl_generator_c/example_interfaces/msg/detail/int64_multi_array__type_support.c.obj[0m
[ 24%] [32mBuilding C object CMakeFiles/example_interfaces__rosidl_generator_c.dir/rosidl_generator_c/example_interfaces/msg/detail/int8__functions.c.obj[0m
[ 25%] [32mBuilding C object CMakeFiles/example_interfaces__rosidl_generator_c.dir/rosidl_generator_c/example_interfaces/msg/detail/int64_multi_array__functions.c.obj[0m
[ 25%] [32mBuilding C object CMakeFiles/example_interfaces__rosidl_generator_c.dir/rosidl_generator_c/example_interfaces/msg/detail/int8_multi_array__description.c.obj[0m
[ 26%] [32mBuilding C object CMakeFiles/example_interfaces__rosidl_generator_c.dir/rosidl_generator_c/example_interfaces/msg/detail/multi_array_dimension__description.c.obj[0m
[ 26%] [32mBuilding C object CMakeFiles/example_interfaces__rosidl_generator_c.dir/rosidl_generator_c/example_interfaces/msg/detail/int8_multi_array__type_support.c.obj[0m
[ 27%] [32mBuilding C object CMakeFiles/example_interfaces__rosidl_generator_c.dir/rosidl_generator_c/example_interfaces/msg/detail/int8_multi_array__functions.c.obj[0m
[ 28%] [32mBuilding C object CMakeFiles/example_interfaces__rosidl_generator_c.dir/rosidl_generator_c/example_interfaces/msg/detail/int8__type_support.c.obj[0m
[ 28%] [32mBuilding C object CMakeFiles/example_interfaces__rosidl_generator_c.dir/rosidl_generator_c/example_interfaces/msg/detail/multi_array_layout__description.c.obj[0m
[ 29%] [32mBuilding C object CMakeFiles/example_interfaces__rosidl_generator_c.dir/rosidl_generator_c/example_interfaces/msg/detail/multi_array_dimension__type_support.c.obj[0m
[ 30%] [32mBuilding C object CMakeFiles/example_interfaces__rosidl_generator_c.dir/rosidl_generator_c/example_interfaces/msg/detail/multi_array_layout__type_support.c.obj[0m
[ 30%] [32mBuilding C object CMakeFiles/example_interfaces__rosidl_generator_c.dir/rosidl_generator_c/example_interfaces/msg/detail/string__description.c.obj[0m
[ 30%] [32mBuilding C object CMakeFiles/example_interfaces__rosidl_generator_c.dir/rosidl_generator_c/example_interfaces/msg/detail/multi_array_dimension__functions.c.obj[0m
[ 31%] [32mBuilding C object CMakeFiles/example_interfaces__rosidl_generator_c.dir/rosidl_generator_c/example_interfaces/msg/detail/multi_array_layout__functions.c.obj[0m
[ 32%] [32mBuilding C object CMakeFiles/example_interfaces__rosidl_generator_c.dir/rosidl_generator_c/example_interfaces/msg/detail/u_int16__description.c.obj[0m
[ 32%] [32mBuilding C object CMakeFiles/example_interfaces__rosidl_generator_c.dir/rosidl_generator_c/example_interfaces/msg/detail/string__functions.c.obj[0m
[ 32%] [32mBuilding C object CMakeFiles/example_interfaces__rosidl_generator_c.dir/rosidl_generator_c/example_interfaces/msg/detail/string__type_support.c.obj[0m
[ 32%] [32mBuilding C object CMakeFiles/example_interfaces__rosidl_generator_c.dir/rosidl_generator_c/example_interfaces/msg/detail/u_int16_multi_array__description.c.obj[0m
[ 33%] [32mBuilding C object CMakeFiles/example_interfaces__rosidl_generator_c.dir/rosidl_generator_c/example_interfaces/msg/detail/u_int16__type_support.c.obj[0m
[ 33%] [32mBuilding C object CMakeFiles/example_interfaces__rosidl_generator_c.dir/rosidl_generator_c/example_interfaces/msg/detail/u_int16_multi_array__type_support.c.obj[0m
[ 33%] [32mBuilding C object CMakeFiles/example_interfaces__rosidl_generator_c.dir/rosidl_generator_c/example_interfaces/msg/detail/u_int16__functions.c.obj[0m
[ 34%] [32mBuilding C object CMakeFiles/example_interfaces__rosidl_generator_c.dir/rosidl_generator_c/example_interfaces/msg/detail/u_int16_multi_array__functions.c.obj[0m
[ 35%] [32mBuilding C object CMakeFiles/example_interfaces__rosidl_generator_c.dir/rosidl_generator_c/example_interfaces/msg/detail/u_int32__functions.c.obj[0m
[ 35%] [32mBuilding C object CMakeFiles/example_interfaces__rosidl_generator_c.dir/rosidl_generator_c/example_interfaces/msg/detail/u_int32__type_support.c.obj[0m
[ 36%] [32mBuilding C object CMakeFiles/example_interfaces__rosidl_generator_c.dir/rosidl_generator_c/example_interfaces/msg/detail/u_int32__description.c.obj[0m
[ 36%] [32mBuilding C object CMakeFiles/example_interfaces__rosidl_generator_c.dir/rosidl_generator_c/example_interfaces/msg/detail/u_int32_multi_array__type_support.c.obj[0m
[ 36%] [32mBuilding C object CMakeFiles/example_interfaces__rosidl_generator_c.dir/rosidl_generator_c/example_interfaces/msg/detail/u_int32_multi_array__description.c.obj[0m
[ 37%] [32mBuilding C object CMakeFiles/example_interfaces__rosidl_generator_c.dir/rosidl_generator_c/example_interfaces/msg/detail/u_int64_multi_array__functions.c.obj[0m
[ 37%] [32mBuilding C object CMakeFiles/example_interfaces__rosidl_generator_c.dir/rosidl_generator_c/example_interfaces/msg/detail/u_int64__functions.c.obj[0m
[ 38%] [32mBuilding C object CMakeFiles/example_interfaces__rosidl_generator_c.dir/rosidl_generator_c/example_interfaces/msg/detail/u_int64_multi_array__description.c.obj[0m
[ 39%] [32mBuilding C object CMakeFiles/example_interfaces__rosidl_generator_c.dir/rosidl_generator_c/example_interfaces/msg/detail/u_int32_multi_array__functions.c.obj[0m
[ 40%] [32mBuilding C object CMakeFiles/example_interfaces__rosidl_generator_c.dir/rosidl_generator_c/example_interfaces/msg/detail/u_int64__description.c.obj[0m
[ 38%] [32mBuilding C object CMakeFiles/example_interfaces__rosidl_generator_c.dir/rosidl_generator_c/example_interfaces/msg/detail/u_int64_multi_array__type_support.c.obj[0m
[ 40%] [32mBuilding C object CMakeFiles/example_interfaces__rosidl_generator_c.dir/rosidl_generator_c/example_interfaces/msg/detail/u_int64__type_support.c.obj[0m
[ 41%] [32mBuilding C object CMakeFiles/example_interfaces__rosidl_generator_c.dir/rosidl_generator_c/example_interfaces/msg/detail/u_int8__description.c.obj[0m
[ 41%] [32mBuilding C object CMakeFiles/example_interfaces__rosidl_generator_c.dir/rosidl_generator_c/example_interfaces/msg/detail/u_int8__functions.c.obj[0m
[ 42%] [32mBuilding C object CMakeFiles/example_interfaces__rosidl_generator_c.dir/rosidl_generator_c/example_interfaces/msg/detail/u_int8__type_support.c.obj[0m
[ 43%] [32mBuilding C object CMakeFiles/example_interfaces__rosidl_generator_c.dir/rosidl_generator_c/example_interfaces/msg/detail/w_string__functions.c.obj[0m
[ 43%] [32mBuilding C object CMakeFiles/example_interfaces__rosidl_generator_c.dir/rosidl_generator_c/example_interfaces/msg/detail/u_int8_multi_array__description.c.obj[0m
[ 44%] [32mBuilding C object CMakeFiles/example_interfaces__rosidl_generator_c.dir/rosidl_generator_c/example_interfaces/msg/detail/u_int8_multi_array__functions.c.obj[0m
[ 44%] [32mBuilding C object CMakeFiles/example_interfaces__rosidl_generator_c.dir/rosidl_generator_c/example_interfaces/msg/detail/u_int8_multi_array__type_support.c.obj[0m
[ 45%] [32mBuilding C object CMakeFiles/example_interfaces__rosidl_generator_c.dir/rosidl_generator_c/example_interfaces/srv/detail/add_two_ints__description.c.obj[0m
[ 45%] [32mBuilding C object CMakeFiles/example_interfaces__rosidl_generator_c.dir/rosidl_generator_c/example_interfaces/msg/detail/w_string__type_support.c.obj[0m
[ 45%] [32mBuilding C object CMakeFiles/example_interfaces__rosidl_generator_c.dir/rosidl_generator_c/example_interfaces/srv/detail/add_two_ints__functions.c.obj[0m
[ 45%] [32mBuilding C object CMakeFiles/example_interfaces__rosidl_generator_c.dir/rosidl_generator_c/example_interfaces/msg/detail/w_string__description.c.obj[0m
[ 46%] [32mBuilding C object CMakeFiles/example_interfaces__rosidl_generator_c.dir/rosidl_generator_c/example_interfaces/srv/detail/add_two_ints__type_support.c.obj[0m
[ 46%] [32mBuilding C object CMakeFiles/example_interfaces__rosidl_generator_c.dir/rosidl_generator_c/example_interfaces/srv/detail/set_bool__description.c.obj[0m
[ 46%] [32mBuilding C object CMakeFiles/example_interfaces__rosidl_generator_c.dir/rosidl_generator_c/example_interfaces/srv/detail/set_bool__type_support.c.obj[0m
[ 47%] [32mBuilding C object CMakeFiles/example_interfaces__rosidl_generator_c.dir/rosidl_generator_c/example_interfaces/srv/detail/trigger__type_support.c.obj[0m
[ 48%] [32mBuilding C object CMakeFiles/example_interfaces__rosidl_generator_c.dir/rosidl_generator_c/example_interfaces/srv/detail/set_bool__functions.c.obj[0m
[ 49%] [32mBuilding C object CMakeFiles/example_interfaces__rosidl_generator_c.dir/rosidl_generator_c/example_interfaces/srv/detail/trigger__description.c.obj[0m
[ 49%] [32mBuilding C object CMakeFiles/example_interfaces__rosidl_generator_c.dir/rosidl_generator_c/example_interfaces/srv/detail/trigger__functions.c.obj[0m
[ 49%] [32m[1mLinking C static library libexample_interfaces__rosidl_generator_c.a[0m
gmake[3]: Leaving directory '/home/fercikmate/ftn/osurv/espROSso/esp32try5/components/micro_ros_espidf_component/micro_ros_src/build/example_interfaces'
[ 49%] Built target example_interfaces__rosidl_generator_c
gmake[3]: Entering directory '/home/fercikmate/ftn/osurv/espROSso/esp32try5/components/micro_ros_espidf_component/micro_ros_src/build/example_interfaces'
gmake[3]: Entering directory '/home/fercikmate/ftn/osurv/espROSso/esp32try5/components/micro_ros_espidf_component/micro_ros_src/build/example_interfaces'
gmake[3]: Entering directory '/home/fercikmate/ftn/osurv/espROSso/esp32try5/components/micro_ros_espidf_component/micro_ros_src/build/example_interfaces'
[ 49%] [34m[1mGenerating C introspection for ROS interfaces[0m
[ 49%] [34m[1mGenerating C type support for eProsima Micro XRCE-DDS[0m
[ 49%] [34m[1mGenerating C type support dispatch for ROS interfaces[0m
/home/fercikmate/ftn/osurv/espROSso/esp32try5/components/micro_ros_espidf_component/micro_ros_src/install/lib/python3.10/site-packages/rosidl_cmake/__init__.py:19: UserWarning: The 'rosidl_cmake' Python module is deprecated. Use 'rosidl_pycommon' instead.
  warnings.warn(
gmake[3]: Leaving directory '/home/fercikmate/ftn/osurv/espROSso/esp32try5/components/micro_ros_espidf_component/micro_ros_src/build/example_interfaces'
gmake[3]: Entering directory '/home/fercikmate/ftn/osurv/espROSso/esp32try5/components/micro_ros_espidf_component/micro_ros_src/build/example_interfaces'
[ 49%] [32mBuilding CXX object CMakeFiles/example_interfaces__rosidl_typesupport_c.dir/rosidl_typesupport_c/example_interfaces/msg/bool__type_support.cpp.obj[0m
[ 50%] [32mBuilding CXX object CMakeFiles/example_interfaces__rosidl_typesupport_c.dir/rosidl_typesupport_c/example_interfaces/action/fibonacci__type_support.cpp.obj[0m
[ 51%] [32mBuilding CXX object CMakeFiles/example_interfaces__rosidl_typesupport_c.dir/rosidl_typesupport_c/example_interfaces/msg/byte__type_support.cpp.obj[0m
[ 52%] [32mBuilding CXX object CMakeFiles/example_interfaces__rosidl_typesupport_c.dir/rosidl_typesupport_c/example_interfaces/msg/byte_multi_array__type_support.cpp.obj[0m
[ 52%] [32mBuilding CXX object CMakeFiles/example_interfaces__rosidl_typesupport_c.dir/rosidl_typesupport_c/example_interfaces/msg/float32__type_support.cpp.obj[0m
[ 53%] [32mBuilding CXX object CMakeFiles/example_interfaces__rosidl_typesupport_c.dir/rosidl_typesupport_c/example_interfaces/msg/char__type_support.cpp.obj[0m
[ 54%] [32mBuilding CXX object CMakeFiles/example_interfaces__rosidl_typesupport_c.dir/rosidl_typesupport_c/example_interfaces/msg/float64__type_support.cpp.obj[0m
[ 55%] [32mBuilding CXX object CMakeFiles/example_interfaces__rosidl_typesupport_c.dir/rosidl_typesupport_c/example_interfaces/msg/float32_multi_array__type_support.cpp.obj[0m
[ 55%] [32mBuilding CXX object CMakeFiles/example_interfaces__rosidl_typesupport_c.dir/rosidl_typesupport_c/example_interfaces/msg/int16__type_support.cpp.obj[0m
[ 55%] [32mBuilding CXX object CMakeFiles/example_interfaces__rosidl_typesupport_c.dir/rosidl_typesupport_c/example_interfaces/msg/empty__type_support.cpp.obj[0m
[ 55%] [32mBuilding CXX object CMakeFiles/example_interfaces__rosidl_typesupport_c.dir/rosidl_typesupport_c/example_interfaces/msg/int16_multi_array__type_support.cpp.obj[0m
[ 55%] [32mBuilding CXX object CMakeFiles/example_interfaces__rosidl_typesupport_c.dir/rosidl_typesupport_c/example_interfaces/msg/float64_multi_array__type_support.cpp.obj[0m
[ 56%] [32mBuilding CXX object CMakeFiles/example_interfaces__rosidl_typesupport_c.dir/rosidl_typesupport_c/example_interfaces/msg/int32__type_support.cpp.obj[0m
[ 57%] [32mBuilding CXX object CMakeFiles/example_interfaces__rosidl_typesupport_c.dir/rosidl_typesupport_c/example_interfaces/msg/int64__type_support.cpp.obj[0m
[ 57%] [32mBuilding CXX object CMakeFiles/example_interfaces__rosidl_typesupport_c.dir/rosidl_typesupport_c/example_interfaces/msg/int32_multi_array__type_support.cpp.obj[0m
[ 57%] [32mBuilding CXX object CMakeFiles/example_interfaces__rosidl_typesupport_c.dir/rosidl_typesupport_c/example_interfaces/msg/int8__type_support.cpp.obj[0m
[ 58%] [32mBuilding CXX object CMakeFiles/example_interfaces__rosidl_typesupport_c.dir/rosidl_typesupport_c/example_interfaces/msg/int8_multi_array__type_support.cpp.obj[0m
[ 58%] [32mBuilding CXX object CMakeFiles/example_interfaces__rosidl_typesupport_c.dir/rosidl_typesupport_c/example_interfaces/msg/int64_multi_array__type_support.cpp.obj[0m
[ 58%] [32mBuilding CXX object CMakeFiles/example_interfaces__rosidl_typesupport_c.dir/rosidl_typesupport_c/example_interfaces/msg/multi_array_dimension__type_support.cpp.obj[0m
[ 59%] [32mBuilding CXX object CMakeFiles/example_interfaces__rosidl_typesupport_c.dir/rosidl_typesupport_c/example_interfaces/msg/u_int16__type_support.cpp.obj[0m
[ 60%] [32mBuilding CXX object CMakeFiles/example_interfaces__rosidl_typesupport_c.dir/rosidl_typesupport_c/example_interfaces/msg/multi_array_layout__type_support.cpp.obj[0m
[ 60%] [32mBuilding CXX object CMakeFiles/example_interfaces__rosidl_typesupport_c.dir/rosidl_typesupport_c/example_interfaces/msg/string__type_support.cpp.obj[0m
[ 61%] [32mBuilding CXX object CMakeFiles/example_interfaces__rosidl_typesupport_c.dir/rosidl_typesupport_c/example_interfaces/msg/u_int32__type_support.cpp.obj[0m
[ 60%] [32mBuilding CXX object CMakeFiles/example_interfaces__rosidl_typesupport_c.dir/rosidl_typesupport_c/example_interfaces/msg/u_int16_multi_array__type_support.cpp.obj[0m
[ 61%] [32mBuilding CXX object CMakeFiles/example_interfaces__rosidl_typesupport_c.dir/rosidl_typesupport_c/example_interfaces/msg/u_int8_multi_array__type_support.cpp.obj[0m
[ 61%] [32mBuilding CXX object CMakeFiles/example_interfaces__rosidl_typesupport_c.dir/rosidl_typesupport_c/example_interfaces/msg/u_int32_multi_array__type_support.cpp.obj[0m
[ 61%] [32mBuilding CXX object CMakeFiles/example_interfaces__rosidl_typesupport_c.dir/rosidl_typesupport_c/example_interfaces/msg/u_int64_multi_array__type_support.cpp.obj[0m
[ 62%] [32mBuilding CXX object CMakeFiles/example_interfaces__rosidl_typesupport_c.dir/rosidl_typesupport_c/example_interfaces/msg/u_int64__type_support.cpp.obj[0m
[ 63%] [32mBuilding CXX object CMakeFiles/example_interfaces__rosidl_typesupport_c.dir/rosidl_typesupport_c/example_interfaces/msg/w_string__type_support.cpp.obj[0m
[ 64%] [32mBuilding CXX object CMakeFiles/example_interfaces__rosidl_typesupport_c.dir/rosidl_typesupport_c/example_interfaces/msg/u_int8__type_support.cpp.obj[0m
[ 64%] [32mBuilding CXX object CMakeFiles/example_interfaces__rosidl_typesupport_c.dir/rosidl_typesupport_c/example_interfaces/srv/add_two_ints__type_support.cpp.obj[0m
[ 65%] [32mBuilding CXX object CMakeFiles/example_interfaces__rosidl_typesupport_c.dir/rosidl_typesupport_c/example_interfaces/srv/set_bool__type_support.cpp.obj[0m
[ 65%] [32mBuilding CXX object CMakeFiles/example_interfaces__rosidl_typesupport_c.dir/rosidl_typesupport_c/example_interfaces/srv/trigger__type_support.cpp.obj[0m
[ 66%] [32m[1mLinking CXX static library libexample_interfaces__rosidl_typesupport_c.a[0m
gmake[3]: Leaving directory '/home/fercikmate/ftn/osurv/espROSso/esp32try5/components/micro_ros_espidf_component/micro_ros_src/build/example_interfaces'
[ 66%] Built target example_interfaces__rosidl_typesupport_c
gmake[3]: Leaving directory '/home/fercikmate/ftn/osurv/espROSso/esp32try5/components/micro_ros_espidf_component/micro_ros_src/build/example_interfaces'
gmake[3]: Entering directory '/home/fercikmate/ftn/osurv/espROSso/esp32try5/components/micro_ros_espidf_component/micro_ros_src/build/example_interfaces'
gmake[3]: Warning: File 'rosidl_typesupport_introspection_c/example_interfaces/action/detail/fibonacci__type_support.c' has modification time 0.52 s in the future
[ 67%] [32mBuilding C object CMakeFiles/example_interfaces__rosidl_typesupport_introspection_c.dir/rosidl_typesupport_introspection_c/example_interfaces/msg/detail/char__type_support.c.obj[0m
[ 68%] [32mBuilding C object CMakeFiles/example_interfaces__rosidl_typesupport_introspection_c.dir/rosidl_typesupport_introspection_c/example_interfaces/msg/detail/byte__type_support.c.obj[0m
[ 68%] [32mBuilding C object CMakeFiles/example_interfaces__rosidl_typesupport_introspection_c.dir/rosidl_typesupport_introspection_c/example_interfaces/msg/detail/bool__type_support.c.obj[0m
[ 68%] [32mBuilding C object CMakeFiles/example_interfaces__rosidl_typesupport_introspection_c.dir/rosidl_typesupport_introspection_c/example_interfaces/msg/detail/empty__type_support.c.obj[0m
[ 68%] [32mBuilding C object CMakeFiles/example_interfaces__rosidl_typesupport_introspection_c.dir/rosidl_typesupport_introspection_c/example_interfaces/msg/detail/byte_multi_array__type_support.c.obj[0m
[ 69%] [32mBuilding C object CMakeFiles/example_interfaces__rosidl_typesupport_introspection_c.dir/rosidl_typesupport_introspection_c/example_interfaces/msg/detail/float32__type_support.c.obj[0m
[ 70%] [32mBuilding C object CMakeFiles/example_interfaces__rosidl_typesupport_introspection_c.dir/rosidl_typesupport_introspection_c/example_interfaces/msg/detail/float64__type_support.c.obj[0m
[ 70%] [32mBuilding C object CMakeFiles/example_interfaces__rosidl_typesupport_introspection_c.dir/rosidl_typesupport_introspection_c/example_interfaces/msg/detail/int16__type_support.c.obj[0m
[ 71%] [32mBuilding C object CMakeFiles/example_interfaces__rosidl_typesupport_introspection_c.dir/rosidl_typesupport_introspection_c/example_interfaces/action/detail/fibonacci__type_support.c.obj[0m
[ 72%] [32mBuilding C object CMakeFiles/example_interfaces__rosidl_typesupport_introspection_c.dir/rosidl_typesupport_introspection_c/example_interfaces/msg/detail/int16_multi_array__type_support.c.obj[0m
[ 72%] [32mBuilding C object CMakeFiles/example_interfaces__rosidl_typesupport_introspection_c.dir/rosidl_typesupport_introspection_c/example_interfaces/msg/detail/float32_multi_array__type_support.c.obj[0m
[ 72%] [32mBuilding C object CMakeFiles/example_interfaces__rosidl_typesupport_introspection_c.dir/rosidl_typesupport_introspection_c/example_interfaces/msg/detail/int32__type_support.c.obj[0m
[ 72%] [32mBuilding C object CMakeFiles/example_interfaces__rosidl_typesupport_introspection_c.dir/rosidl_typesupport_introspection_c/example_interfaces/msg/detail/float64_multi_array__type_support.c.obj[0m
[ 73%] [32mBuilding C object CMakeFiles/example_interfaces__rosidl_typesupport_introspection_c.dir/rosidl_typesupport_introspection_c/example_interfaces/msg/detail/int64_multi_array__type_support.c.obj[0m
[ 73%] [32mBuilding C object CMakeFiles/example_interfaces__rosidl_typesupport_introspection_c.dir/rosidl_typesupport_introspection_c/example_interfaces/msg/detail/int64__type_support.c.obj[0m
[ 73%] [32mBuilding C object CMakeFiles/example_interfaces__rosidl_typesupport_introspection_c.dir/rosidl_typesupport_introspection_c/example_interfaces/msg/detail/string__type_support.c.obj[0m
[ 75%] [32mBuilding C object CMakeFiles/example_interfaces__rosidl_typesupport_introspection_c.dir/rosidl_typesupport_introspection_c/example_interfaces/msg/detail/u_int16__type_support.c.obj[0m
[ 76%] [32mBuilding C object CMakeFiles/example_interfaces__rosidl_typesupport_introspection_c.dir/rosidl_typesupport_introspection_c/example_interfaces/msg/detail/int8_multi_array__type_support.c.obj[0m
[ 74%] [32mBuilding C object CMakeFiles/example_interfaces__rosidl_typesupport_introspection_c.dir/rosidl_typesupport_introspection_c/example_interfaces/msg/detail/multi_array_dimension__type_support.c.obj[0m
[ 77%] [32mBuilding C object CMakeFiles/example_interfaces__rosidl_typesupport_introspection_c.dir/rosidl_typesupport_introspection_c/example_interfaces/msg/detail/int32_multi_array__type_support.c.obj[0m
[ 74%] [32mBuilding C object CMakeFiles/example_interfaces__rosidl_typesupport_introspection_c.dir/rosidl_typesupport_introspection_c/example_interfaces/msg/detail/int8__type_support.c.obj[0m
[ 77%] [32mBuilding C object CMakeFiles/example_interfaces__rosidl_typesupport_introspection_c.dir/rosidl_typesupport_introspection_c/example_interfaces/msg/detail/multi_array_layout__type_support.c.obj[0m
[ 77%] [32mBuilding C object CMakeFiles/example_interfaces__rosidl_typesupport_introspection_c.dir/rosidl_typesupport_introspection_c/example_interfaces/msg/detail/u_int16_multi_array__type_support.c.obj[0m
[ 78%] [32mBuilding C object CMakeFiles/example_interfaces__rosidl_typesupport_introspection_c.dir/rosidl_typesupport_introspection_c/example_interfaces/msg/detail/u_int64_multi_array__type_support.c.obj[0m
[ 78%] [32mBuilding C object CMakeFiles/example_interfaces__rosidl_typesupport_introspection_c.dir/rosidl_typesupport_introspection_c/example_interfaces/msg/detail/u_int32_multi_array__type_support.c.obj[0m
[ 78%] [32mBuilding C object CMakeFiles/example_interfaces__rosidl_typesupport_introspection_c.dir/rosidl_typesupport_introspection_c/example_interfaces/msg/detail/u_int8_multi_array__type_support.c.obj[0m
[ 79%] [32mBuilding C object CMakeFiles/example_interfaces__rosidl_typesupport_introspection_c.dir/rosidl_typesupport_introspection_c/example_interfaces/msg/detail/u_int8__type_support.c.obj[0m
[ 78%] [32mBuilding C object CMakeFiles/example_interfaces__rosidl_typesupport_introspection_c.dir/rosidl_typesupport_introspection_c/example_interfaces/msg/detail/u_int32__type_support.c.obj[0m
[ 80%] [32mBuilding C object CMakeFiles/example_interfaces__rosidl_typesupport_introspection_c.dir/rosidl_typesupport_introspection_c/example_interfaces/msg/detail/u_int64__type_support.c.obj[0m
[ 81%] [32mBuilding C object CMakeFiles/example_interfaces__rosidl_typesupport_introspection_c.dir/rosidl_typesupport_introspection_c/example_interfaces/msg/detail/w_string__type_support.c.obj[0m
[ 81%] [32mBuilding C object CMakeFiles/example_interfaces__rosidl_typesupport_introspection_c.dir/rosidl_typesupport_introspection_c/example_interfaces/srv/detail/add_two_ints__type_support.c.obj[0m
[ 82%] [32mBuilding C object CMakeFiles/example_interfaces__rosidl_typesupport_introspection_c.dir/rosidl_typesupport_introspection_c/example_interfaces/srv/detail/set_bool__type_support.c.obj[0m
[ 82%] [32mBuilding C object CMakeFiles/example_interfaces__rosidl_typesupport_introspection_c.dir/rosidl_typesupport_introspection_c/example_interfaces/srv/detail/trigger__type_support.c.obj[0m
[ 83%] [32m[1mLinking C static library libexample_interfaces__rosidl_typesupport_introspection_c.a[0m
gmake[3]: warning:  Clock skew detected.  Your build may be incomplete.
gmake[3]: Leaving directory '/home/fercikmate/ftn/osurv/espROSso/esp32try5/components/micro_ros_espidf_component/micro_ros_src/build/example_interfaces'
[ 83%] Built target example_interfaces__rosidl_typesupport_introspection_c
gmake[3]: Leaving directory '/home/fercikmate/ftn/osurv/espROSso/esp32try5/components/micro_ros_espidf_component/micro_ros_src/build/example_interfaces'
gmake[3]: Entering directory '/home/fercikmate/ftn/osurv/espROSso/esp32try5/components/micro_ros_espidf_component/micro_ros_src/build/example_interfaces'
[ 84%] [32mBuilding C object CMakeFiles/example_interfaces__rosidl_typesupport_microxrcedds_c.dir/rosidl_typesupport_microxrcedds_c/example_interfaces/action/detail/microxrcedds/fibonacci__type_support_c.c.obj[0m
[ 85%] [32mBuilding C object CMakeFiles/example_interfaces__rosidl_typesupport_microxrcedds_c.dir/rosidl_typesupport_microxrcedds_c/example_interfaces/msg/detail/microxrcedds/byte__type_support_c.c.obj[0m
[ 86%] [32mBuilding C object CMakeFiles/example_interfaces__rosidl_typesupport_microxrcedds_c.dir/rosidl_typesupport_microxrcedds_c/example_interfaces/msg/detail/microxrcedds/empty__type_support_c.c.obj[0m
[ 86%] [32mBuilding C object CMakeFiles/example_interfaces__rosidl_typesupport_microxrcedds_c.dir/rosidl_typesupport_microxrcedds_c/example_interfaces/msg/detail/microxrcedds/char__type_support_c.c.obj[0m
[ 86%] [32mBuilding C object CMakeFiles/example_interfaces__rosidl_typesupport_microxrcedds_c.dir/rosidl_typesupport_microxrcedds_c/example_interfaces/msg/detail/microxrcedds/byte_multi_array__type_support_c.c.obj[0m
[ 86%] [32mBuilding C object CMakeFiles/example_interfaces__rosidl_typesupport_microxrcedds_c.dir/rosidl_typesupport_microxrcedds_c/example_interfaces/msg/detail/microxrcedds/bool__type_support_c.c.obj[0m
[ 86%] [32mBuilding C object CMakeFiles/example_interfaces__rosidl_typesupport_microxrcedds_c.dir/rosidl_typesupport_microxrcedds_c/example_interfaces/msg/detail/microxrcedds/float32__type_support_c.c.obj[0m
[ 87%] [32mBuilding C object CMakeFiles/example_interfaces__rosidl_typesupport_microxrcedds_c.dir/rosidl_typesupport_microxrcedds_c/example_interfaces/msg/detail/microxrcedds/float32_multi_array__type_support_c.c.obj[0m
[ 88%] [32mBuilding C object CMakeFiles/example_interfaces__rosidl_typesupport_microxrcedds_c.dir/rosidl_typesupport_microxrcedds_c/example_interfaces/msg/detail/microxrcedds/float64_multi_array__type_support_c.c.obj[0m
[ 88%] [32mBuilding C object CMakeFiles/example_interfaces__rosidl_typesupport_microxrcedds_c.dir/rosidl_typesupport_microxrcedds_c/example_interfaces/msg/detail/microxrcedds/float64__type_support_c.c.obj[0m
[ 89%] [32mBuilding C object CMakeFiles/example_interfaces__rosidl_typesupport_microxrcedds_c.dir/rosidl_typesupport_microxrcedds_c/example_interfaces/msg/detail/microxrcedds/int16_multi_array__type_support_c.c.obj[0m
[ 89%] [32mBuilding C object CMakeFiles/example_interfaces__rosidl_typesupport_microxrcedds_c.dir/rosidl_typesupport_microxrcedds_c/example_interfaces/msg/detail/microxrcedds/int16__type_support_c.c.obj[0m
[ 89%] [32mBuilding C object CMakeFiles/example_interfaces__rosidl_typesupport_microxrcedds_c.dir/rosidl_typesupport_microxrcedds_c/example_interfaces/msg/detail/microxrcedds/int32__type_support_c.c.obj[0m
[ 90%] [32mBuilding C object CMakeFiles/example_interfaces__rosidl_typesupport_microxrcedds_c.dir/rosidl_typesupport_microxrcedds_c/example_interfaces/msg/detail/microxrcedds/int32_multi_array__type_support_c.c.obj[0m
[ 91%] [32mBuilding C object CMakeFiles/example_interfaces__rosidl_typesupport_microxrcedds_c.dir/rosidl_typesupport_microxrcedds_c/example_interfaces/msg/detail/microxrcedds/int64_multi_array__type_support_c.c.obj[0m
[ 91%] [32mBuilding C object CMakeFiles/example_interfaces__rosidl_typesupport_microxrcedds_c.dir/rosidl_typesupport_microxrcedds_c/example_interfaces/msg/detail/microxrcedds/int64__type_support_c.c.obj[0m
[ 91%] [32mBuilding C object CMakeFiles/example_interfaces__rosidl_typesupport_microxrcedds_c.dir/rosidl_typesupport_microxrcedds_c/example_interfaces/msg/detail/microxrcedds/int8__type_support_c.c.obj[0m
[ 92%] [32mBuilding C object CMakeFiles/example_interfaces__rosidl_typesupport_microxrcedds_c.dir/rosidl_typesupport_microxrcedds_c/example_interfaces/msg/detail/microxrcedds/multi_array_layout__type_support_c.c.obj[0m
[ 93%] [32mBuilding C object CMakeFiles/example_interfaces__rosidl_typesupport_microxrcedds_c.dir/rosidl_typesupport_microxrcedds_c/example_interfaces/msg/detail/microxrcedds/string__type_support_c.c.obj[0m
[ 93%] [32mBuilding C object CMakeFiles/example_interfaces__rosidl_typesupport_microxrcedds_c.dir/rosidl_typesupport_microxrcedds_c/example_interfaces/msg/detail/microxrcedds/u_int32_multi_array__type_support_c.c.obj[0m
[ 94%] [32mBuilding C object CMakeFiles/example_interfaces__rosidl_typesupport_microxrcedds_c.dir/rosidl_typesupport_microxrcedds_c/example_interfaces/msg/detail/microxrcedds/u_int16__type_support_c.c.obj[0m
[ 94%] [32mBuilding C object CMakeFiles/example_interfaces__rosidl_typesupport_microxrcedds_c.dir/rosidl_typesupport_microxrcedds_c/example_interfaces/msg/detail/microxrcedds/int8_multi_array__type_support_c.c.obj[0m
[ 94%] [32mBuilding C object CMakeFiles/example_interfaces__rosidl_typesupport_microxrcedds_c.dir/rosidl_typesupport_microxrcedds_c/example_interfaces/msg/detail/microxrcedds/multi_array_dimension__type_support_c.c.obj[0m
[ 95%] [32mBuilding C object CMakeFiles/example_interfaces__rosidl_typesupport_microxrcedds_c.dir/rosidl_typesupport_microxrcedds_c/example_interfaces/msg/detail/microxrcedds/u_int32__type_support_c.c.obj[0m
[ 95%] [32mBuilding C object CMakeFiles/example_interfaces__rosidl_typesupport_microxrcedds_c.dir/rosidl_typesupport_microxrcedds_c/example_interfaces/msg/detail/microxrcedds/u_int16_multi_array__type_support_c.c.obj[0m
[ 96%] [32mBuilding C object CMakeFiles/example_interfaces__rosidl_typesupport_microxrcedds_c.dir/rosidl_typesupport_microxrcedds_c/example_interfaces/msg/detail/microxrcedds/u_int64__type_support_c.c.obj[0m
[ 96%] [32mBuilding C object CMakeFiles/example_interfaces__rosidl_typesupport_microxrcedds_c.dir/rosidl_typesupport_microxrcedds_c/example_interfaces/msg/detail/microxrcedds/u_int64_multi_array__type_support_c.c.obj[0m
[ 97%] [32mBuilding C object CMakeFiles/example_interfaces__rosidl_typesupport_microxrcedds_c.dir/rosidl_typesupport_microxrcedds_c/example_interfaces/msg/detail/microxrcedds/u_int8__type_support_c.c.obj[0m
[ 97%] [32mBuilding C object CMakeFiles/example_interfaces__rosidl_typesupport_microxrcedds_c.dir/rosidl_typesupport_microxrcedds_c/example_interfaces/msg/detail/microxrcedds/u_int8_multi_array__type_support_c.c.obj[0m
In file included from /home/fercikmate/ftn/osurv/espROSso/esp32try5/components/micro_ros_espidf_component/micro_ros_src/build/example_interfaces/rosidl_typesupport_microxrcedds_c/example_interfaces/msg/detail/microxrcedds/bool__type_support_c.c:9:
/home/fercikmate/esp/esp-idf/components/esp_libc/platform_include/stdio.h:10:2: warning: '#include_next' is a GCC extension [-Wpedantic]
   10 | #include_next <stdio.h>
      |  ^~~~~~~~~~~~
[ 97%] [32mBuilding C object CMakeFiles/example_interfaces__rosidl_typesupport_microxrcedds_c.dir/rosidl_typesupport_microxrcedds_c/example_interfaces/srv/detail/microxrcedds/add_two_ints__type_support_c.c.obj[0m
[ 98%] [32mBuilding C object CMakeFiles/example_interfaces__rosidl_typesupport_microxrcedds_c.dir/rosidl_typesupport_microxrcedds_c/example_interfaces/msg/detail/microxrcedds/w_string__type_support_c.c.obj[0m
In file included from /home/fercikmate/ftn/osurv/espROSso/esp32try5/components/micro_ros_espidf_component/micro_ros_src/build/example_interfaces/rosidl_typesupport_microxrcedds_c/example_interfaces/msg/detail/microxrcedds/float32_multi_array__type_support_c.c:9:
/home/fercikmate/esp/esp-idf/components/esp_libc/platform_include/stdio.h:10:2: warning: '#include_next' is a GCC extension [-Wpedantic]
   10 | #include_next <stdio.h>
      |  ^~~~~~~~~~~~
In file included from /home/fercikmate/ftn/osurv/espROSso/esp32try5/components/micro_ros_espidf_component/micro_ros_src/build/example_interfaces/rosidl_typesupport_microxrcedds_c/example_interfaces/msg/detail/microxrcedds/byte_multi_array__type_support_c.c:9:
/home/fercikmate/esp/esp-idf/components/esp_libc/platform_include/stdio.h:10:2: warning: '#include_next' is a GCC extension [-Wpedantic]
   10 | #include_next <stdio.h>
      |  ^~~~~~~~~~~~
[ 98%] [32mBuilding C object CMakeFiles/example_interfaces__rosidl_typesupport_microxrcedds_c.dir/rosidl_typesupport_microxrcedds_c/example_interfaces/srv/detail/microxrcedds/trigger__type_support_c.c.obj[0m
In file included from /home/fercikmate/ftn/osurv/espROSso/esp32try5/components/micro_ros_espidf_component/micro_ros_src/build/example_interfaces/rosidl_typesupport_microxrcedds_c/example_interfaces/msg/detail/microxrcedds/float32__type_support_c.c:9:
/home/fercikmate/esp/esp-idf/components/esp_libc/platform_include/stdio.h:10:2: warning: '#include_next' is a GCC extension [-Wpedantic]
   10 | #include_next <stdio.h>
      |  ^~~~~~~~~~~~
[ 99%] [32mBuilding C object CMakeFiles/example_interfaces__rosidl_typesupport_microxrcedds_c.dir/rosidl_typesupport_microxrcedds_c/example_interfaces/srv/detail/microxrcedds/set_bool__type_support_c.c.obj[0m
In file included from /home/fercikmate/ftn/osurv/espROSso/esp32try5/components/micro_ros_espidf_component/micro_ros_src/build/example_interfaces/rosidl_typesupport_microxrcedds_c/example_interfaces/msg/detail/microxrcedds/int16__type_support_c.c:9:
/home/fercikmate/esp/esp-idf/components/esp_libc/platform_include/stdio.h:10:2: warning: '#include_next' is a GCC extension [-Wpedantic]
   10 | #include_next <stdio.h>
      |  ^~~~~~~~~~~~
In file included from /home/fercikmate/ftn/osurv/espROSso/esp32try5/components/micro_ros_espidf_component/micro_ros_src/build/example_interfaces/rosidl_typesupport_microxrcedds_c/example_interfaces/msg/detail/microxrcedds/float64__type_support_c.c:9:
/home/fercikmate/esp/esp-idf/components/esp_libc/platform_include/stdio.h:10:2: warning: '#include_next' is a GCC extension [-Wpedantic]
   10 | #include_next <stdio.h>
      |  ^~~~~~~~~~~~
In file included from /home/fercikmate/ftn/osurv/espROSso/esp32try5/components/micro_ros_espidf_component/micro_ros_src/build/example_interfaces/rosidl_typesupport_microxrcedds_c/example_interfaces/msg/detail/microxrcedds/float64_multi_array__type_support_c.c:9:
/home/fercikmate/esp/esp-idf/components/esp_libc/platform_include/stdio.h:10:2: warning: '#include_next' is a GCC extension [-Wpedantic]
   10 | #include_next <stdio.h>
      |  ^~~~~~~~~~~~
In file included from /home/fercikmate/ftn/osurv/espROSso/esp32try5/components/micro_ros_espidf_component/micro_ros_src/build/example_interfaces/rosidl_typesupport_microxrcedds_c/example_interfaces/msg/detail/microxrcedds/byte__type_support_c.c:9:
/home/fercikmate/esp/esp-idf/components/esp_libc/platform_include/stdio.h:10:2: warning: '#include_next' is a GCC extension [-Wpedantic]
   10 | #include_next <stdio.h>
      |  ^~~~~~~~~~~~
In file included from /home/fercikmate/ftn/osurv/espROSso/esp32try5/components/micro_ros_espidf_component/micro_ros_src/build/example_interfaces/rosidl_typesupport_microxrcedds_c/example_interfaces/msg/detail/microxrcedds/int16_multi_array__type_support_c.c:9:
/home/fercikmate/esp/esp-idf/components/esp_libc/platform_include/stdio.h:10:2: warning: '#include_next' is a GCC extension [-Wpedantic]
   10 | #include_next <stdio.h>
      |  ^~~~~~~~~~~~
In file included from /home/fercikmate/ftn/osurv/espROSso/esp32try5/components/micro_ros_espidf_component/micro_ros_src/build/example_interfaces/rosidl_typesupport_microxrcedds_c/example_interfaces/action/detail/microxrcedds/fibonacci__type_support_c.c:9:
/home/fercikmate/esp/esp-idf/components/esp_libc/platform_include/stdio.h:10:2: warning: '#include_next' is a GCC extension [-Wpedantic]
   10 | #include_next <stdio.h>
      |  ^~~~~~~~~~~~
In file included from /home/fercikmate/ftn/osurv/espROSso/esp32try5/components/micro_ros_espidf_component/micro_ros_src/build/example_interfaces/rosidl_typesupport_microxrcedds_c/example_interfaces/msg/detail/microxrcedds/char__type_support_c.c:9:
/home/fercikmate/esp/esp-idf/components/esp_libc/platform_include/stdio.h:10:2: warning: '#include_next' is a GCC extension [-Wpedantic]
   10 | #include_next <stdio.h>
      |  ^~~~~~~~~~~~
In file included from /home/fercikmate/ftn/osurv/espROSso/esp32try5/components/micro_ros_espidf_component/micro_ros_src/build/example_interfaces/rosidl_typesupport_microxrcedds_c/example_interfaces/msg/detail/microxrcedds/empty__type_support_c.c:9:
/home/fercikmate/esp/esp-idf/components/esp_libc/platform_include/stdio.h:10:2: warning: '#include_next' is a GCC extension [-Wpedantic]
   10 | #include_next <stdio.h>
      |  ^~~~~~~~~~~~
In file included from /home/fercikmate/ftn/osurv/espROSso/esp32try5/components/micro_ros_espidf_component/micro_ros_src/build/example_interfaces/rosidl_typesupport_microxrcedds_c/example_interfaces/msg/detail/microxrcedds/int32__type_support_c.c:9:
/home/fercikmate/esp/esp-idf/components/esp_libc/platform_include/stdio.h:10:2: warning: '#include_next' is a GCC extension [-Wpedantic]
   10 | #include_next <stdio.h>
      |  ^~~~~~~~~~~~
In file included from /home/fercikmate/ftn/osurv/espROSso/esp32try5/components/micro_ros_espidf_component/micro_ros_src/build/example_interfaces/rosidl_typesupport_microxrcedds_c/example_interfaces/msg/detail/microxrcedds/multi_array_dimension__type_support_c.c:9:
/home/fercikmate/esp/esp-idf/components/esp_libc/platform_include/stdio.h:10:2: warning: '#include_next' is a GCC extension [-Wpedantic]
   10 | #include_next <stdio.h>
      |  ^~~~~~~~~~~~
In file included from /home/fercikmate/ftn/osurv/espROSso/esp32try5/components/micro_ros_espidf_component/micro_ros_src/build/example_interfaces/rosidl_typesupport_microxrcedds_c/example_interfaces/msg/detail/microxrcedds/int32_multi_array__type_support_c.c:9:
/home/fercikmate/esp/esp-idf/components/esp_libc/platform_include/stdio.h:10:2: warning: '#include_next' is a GCC extension [-Wpedantic]
   10 | #include_next <stdio.h>
      |  ^~~~~~~~~~~~
In file included from /home/fercikmate/ftn/osurv/espROSso/esp32try5/components/micro_ros_espidf_component/micro_ros_src/build/example_interfaces/rosidl_typesupport_microxrcedds_c/example_interfaces/msg/detail/microxrcedds/int8_multi_array__type_support_c.c:9:
/home/fercikmate/esp/esp-idf/components/esp_libc/platform_include/stdio.h:10:2: warning: '#include_next' is a GCC extension [-Wpedantic]
   10 | #include_next <stdio.h>
      |  ^~~~~~~~~~~~
In file included from /home/fercikmate/ftn/osurv/espROSso/esp32try5/components/micro_ros_espidf_component/micro_ros_src/build/example_interfaces/rosidl_typesupport_microxrcedds_c/example_interfaces/msg/detail/microxrcedds/int64_multi_array__type_support_c.c:9:
/home/fercikmate/esp/esp-idf/components/esp_libc/platform_include/stdio.h:10:2: warning: '#include_next' is a GCC extension [-Wpedantic]
   10 | #include_next <stdio.h>
      |  ^~~~~~~~~~~~
In file included from /home/fercikmate/ftn/osurv/espROSso/esp32try5/components/micro_ros_espidf_component/micro_ros_src/build/example_interfaces/rosidl_typesupport_microxrcedds_c/example_interfaces/msg/detail/microxrcedds/int64__type_support_c.c:9:
/home/fercikmate/esp/esp-idf/components/esp_libc/platform_include/stdio.h:10:2: warning: '#include_next' is a GCC extension [-Wpedantic]
   10 | #include_next <stdio.h>
      |  ^~~~~~~~~~~~
In file included from /home/fercikmate/ftn/osurv/espROSso/esp32try5/components/micro_ros_espidf_component/micro_ros_src/build/example_interfaces/rosidl_typesupport_microxrcedds_c/example_interfaces/msg/detail/microxrcedds/string__type_support_c.c:9:
/home/fercikmate/esp/esp-idf/components/esp_libc/platform_include/stdio.h:10:2: warning: '#include_next' is a GCC extension [-Wpedantic]
   10 | #include_next <stdio.h>
      |  ^~~~~~~~~~~~
In file included from /home/fercikmate/ftn/osurv/espROSso/esp32try5/components/micro_ros_espidf_component/micro_ros_src/build/example_interfaces/rosidl_typesupport_microxrcedds_c/example_interfaces/msg/detail/microxrcedds/u_int16__type_support_c.c:9:
/home/fercikmate/esp/esp-idf/components/esp_libc/platform_include/stdio.h:10:2: warning: '#include_next' is a GCC extension [-Wpedantic]
   10 | #include_next <stdio.h>
      |  ^~~~~~~~~~~~
In file included from /home/fercikmate/ftn/osurv/espROSso/esp32try5/components/micro_ros_espidf_component/micro_ros_src/build/example_interfaces/rosidl_typesupport_microxrcedds_c/example_interfaces/msg/detail/microxrcedds/int8__type_support_c.c:9:
/home/fercikmate/esp/esp-idf/components/esp_libc/platform_include/stdio.h:10:2: warning: '#include_next' is a GCC extension [-Wpedantic]
   10 | #include_next <stdio.h>
      |  ^~~~~~~~~~~~
In file included from /home/fercikmate/ftn/osurv/espROSso/esp32try5/components/micro_ros_espidf_component/micro_ros_src/build/example_interfaces/rosidl_typesupport_microxrcedds_c/example_interfaces/msg/detail/microxrcedds/multi_array_layout__type_support_c.c:9:
/home/fercikmate/esp/esp-idf/components/esp_libc/platform_include/stdio.h:10:2: warning: '#include_next' is a GCC extension [-Wpedantic]
   10 | #include_next <stdio.h>
      |  ^~~~~~~~~~~~
In file included from /home/fercikmate/ftn/osurv/espROSso/esp32try5/components/micro_ros_espidf_component/micro_ros_src/build/example_interfaces/rosidl_typesupport_microxrcedds_c/example_interfaces/msg/detail/microxrcedds/u_int8__type_support_c.c:9:
/home/fercikmate/esp/esp-idf/components/esp_libc/platform_include/stdio.h:10:2: warning: '#include_next' is a GCC extension [-Wpedantic]
   10 | #include_next <stdio.h>
      |  ^~~~~~~~~~~~
In file included from /home/fercikmate/ftn/osurv/espROSso/esp32try5/components/micro_ros_espidf_component/micro_ros_src/build/example_interfaces/rosidl_typesupport_microxrcedds_c/example_interfaces/msg/detail/microxrcedds/u_int32_multi_array__type_support_c.c:9:
/home/fercikmate/esp/esp-idf/components/esp_libc/platform_include/stdio.h:10:2: warning: '#include_next' is a GCC extension [-Wpedantic]
   10 | #include_next <stdio.h>
      |  ^~~~~~~~~~~~
In file included from /home/fercikmate/ftn/osurv/espROSso/esp32try5/components/micro_ros_espidf_component/micro_ros_src/build/example_interfaces/rosidl_typesupport_microxrcedds_c/example_interfaces/msg/detail/microxrcedds/u_int32__type_support_c.c:9:
/home/fercikmate/esp/esp-idf/components/esp_libc/platform_include/stdio.h:10:2: warning: '#include_next' is a GCC extension [-Wpedantic]
   10 | #include_next <stdio.h>
      |  ^~~~~~~~~~~~
In file included from /home/fercikmate/ftn/osurv/espROSso/esp32try5/components/micro_ros_espidf_component/micro_ros_src/build/example_interfaces/rosidl_typesupport_microxrcedds_c/example_interfaces/msg/detail/microxrcedds/u_int16_multi_array__type_support_c.c:9:
/home/fercikmate/esp/esp-idf/components/esp_libc/platform_include/stdio.h:10:2: warning: '#include_next' is a GCC extension [-Wpedantic]
   10 | #include_next <stdio.h>
      |  ^~~~~~~~~~~~
In file included from /home/fercikmate/ftn/osurv/espROSso/esp32try5/components/micro_ros_espidf_component/micro_ros_src/build/example_interfaces/rosidl_typesupport_microxrcedds_c/example_interfaces/msg/detail/microxrcedds/u_int64__type_support_c.c:9:
/home/fercikmate/esp/esp-idf/components/esp_libc/platform_include/stdio.h:10:2: warning: '#include_next' is a GCC extension [-Wpedantic]
   10 | #include_next <stdio.h>
      |  ^~~~~~~~~~~~
In file included from /home/fercikmate/ftn/osurv/espROSso/esp32try5/components/micro_ros_espidf_component/micro_ros_src/build/example_interfaces/rosidl_typesupport_microxrcedds_c/example_interfaces/msg/detail/microxrcedds/u_int64_multi_array__type_support_c.c:9:
/home/fercikmate/esp/esp-idf/components/esp_libc/platform_include/stdio.h:10:2: warning: '#include_next' is a GCC extension [-Wpedantic]
   10 | #include_next <stdio.h>
      |  ^~~~~~~~~~~~
In file included from /home/fercikmate/ftn/osurv/espROSso/esp32try5/components/micro_ros_espidf_component/micro_ros_src/build/example_interfaces/rosidl_typesupport_microxrcedds_c/example_interfaces/msg/detail/microxrcedds/w_string__type_support_c.c:9:
/home/fercikmate/esp/esp-idf/components/esp_libc/platform_include/stdio.h:10:2: warning: '#include_next' is a GCC extension [-Wpedantic]
   10 | #include_next <stdio.h>
      |  ^~~~~~~~~~~~
In file included from /home/fercikmate/ftn/osurv/espROSso/esp32try5/components/micro_ros_espidf_component/micro_ros_src/build/example_interfaces/rosidl_typesupport_microxrcedds_c/example_interfaces/msg/detail/microxrcedds/u_int8_multi_array__type_support_c.c:9:
/home/fercikmate/esp/esp-idf/components/esp_libc/platform_include/stdio.h:10:2: warning: '#include_next' is a GCC extension [-Wpedantic]
   10 | #include_next <stdio.h>
      |  ^~~~~~~~~~~~
In file included from /home/fercikmate/ftn/osurv/espROSso/esp32try5/components/micro_ros_espidf_component/micro_ros_src/build/example_interfaces/rosidl_typesupport_microxrcedds_c/example_interfaces/srv/detail/microxrcedds/trigger__type_support_c.c:9:
/home/fercikmate/esp/esp-idf/components/esp_libc/platform_include/stdio.h:10:2: warning: '#include_next' is a GCC extension [-Wpedantic]
   10 | #include_next <stdio.h>
      |  ^~~~~~~~~~~~
In file included from /home/fercikmate/ftn/osurv/espROSso/esp32try5/components/micro_ros_espidf_component/micro_ros_src/build/example_interfaces/rosidl_typesupport_microxrcedds_c/example_interfaces/srv/detail/microxrcedds/set_bool__type_support_c.c:9:
/home/fercikmate/esp/esp-idf/components/esp_libc/platform_include/stdio.h:10:2: warning: '#include_next' is a GCC extension [-Wpedantic]
   10 | #include_next <stdio.h>
      |  ^~~~~~~~~~~~
In file included from /home/fercikmate/ftn/osurv/espROSso/esp32try5/components/micro_ros_espidf_component/micro_ros_src/build/example_interfaces/rosidl_typesupport_microxrcedds_c/example_interfaces/srv/detail/microxrcedds/add_two_ints__type_support_c.c:9:
/home/fercikmate/esp/esp-idf/components/esp_libc/platform_include/stdio.h:10:2: warning: '#include_next' is a GCC extension [-Wpedantic]
   10 | #include_next <stdio.h>
      |  ^~~~~~~~~~~~
[100%] [32m[1mLinking C static library libexample_interfaces__rosidl_typesupport_microxrcedds_c.a[0m
gmake[3]: Leaving directory '/home/fercikmate/ftn/osurv/espROSso/esp32try5/components/micro_ros_espidf_component/micro_ros_src/build/example_interfaces'
[100%] Built target example_interfaces__rosidl_typesupport_microxrcedds_c
gmake[3]: Entering directory '/home/fercikmate/ftn/osurv/espROSso/esp32try5/components/micro_ros_espidf_component/micro_ros_src/build/example_interfaces'
gmake[3]: Leaving directory '/home/fercikmate/ftn/osurv/espROSso/esp32try5/components/micro_ros_espidf_component/micro_ros_src/build/example_interfaces'
[100%] Built target example_interfaces
gmake[2]: Leaving directory '/home/fercikmate/ftn/osurv/espROSso/esp32try5/components/micro_ros_espidf_component/micro_ros_src/build/example_interfaces'
gmake[1]: Leaving directory '/home/fercikmate/ftn/osurv/espROSso/esp32try5/components/micro_ros_espidf_component/micro_ros_src/build/example_interfaces'
-- Install configuration: "Release"
-- Installing: /home/fercikmate/ftn/osurv/espROSso/esp32try5/components/micro_ros_espidf_component/micro_ros_src/install/share/ament_index/resource_index/rosidl_interfaces/example_interfaces
-- Installing: /home/fercikmate/ftn/osurv/espROSso/esp32try5/components/micro_ros_espidf_component/micro_ros_src/install/share/example_interfaces/action/Fibonacci.json
-- Installing: /home/fercikmate/ftn/osurv/espROSso/esp32try5/components/micro_ros_espidf_component/micro_ros_src/install/share/example_interfaces/msg/Bool.json
-- Installing: /home/fercikmate/ftn/osurv/espROSso/esp32try5/components/micro_ros_espidf_component/micro_ros_src/install/share/example_interfaces/msg/Byte.json
-- Installing: /home/fercikmate/ftn/osurv/espROSso/esp32try5/components/micro_ros_espidf_component/micro_ros_src/install/share/example_interfaces/msg/ByteMultiArray.json
-- Installing: /home/fercikmate/ftn/osurv/espROSso/esp32try5/components/micro_ros_espidf_component/micro_ros_src/install/share/example_interfaces/msg/Char.json
-- Installing: /home/fercikmate/ftn/osurv/espROSso/esp32try5/components/micro_ros_espidf_component/micro_ros_src/install/share/example_interfaces/msg/Empty.json
-- Installing: /home/fercikmate/ftn/osurv/espROSso/esp32try5/components/micro_ros_espidf_component/micro_ros_src/install/share/example_interfaces/msg/Float32.json
-- Installing: /home/fercikmate/ftn/osurv/espROSso/esp32try5/components/micro_ros_espidf_component/micro_ros_src/install/share/example_interfaces/msg/Float32MultiArray.json
-- Installing: /home/fercikmate/ftn/osurv/espROSso/esp32try5/components/micro_ros_espidf_component/micro_ros_src/install/share/example_interfaces/msg/Float64.json
-- Installing: /home/fercikmate/ftn/osurv/espROSso/esp32try5/components/micro_ros_espidf_component/micro_ros_src/install/share/example_interfaces/msg/Float64MultiArray.json
-- Installing: /home/fercikmate/ftn/osurv/espROSso/esp32try5/components/micro_ros_espidf_component/micro_ros_src/install/share/example_interfaces/msg/Int16.json
-- Installing: /home/fercikmate/ftn/osurv/espROSso/esp32try5/components/micro_ros_espidf_component/micro_ros_src/install/share/example_interfaces/msg/Int16MultiArray.json
-- Installing: /home/fercikmate/ftn/osurv/espROSso/esp32try5/components/micro_ros_espidf_component/micro_ros_src/install/share/example_interfaces/msg/Int32.json
-- Installing: /home/fercikmate/ftn/osurv/espROSso/esp32try5/components/micro_ros_espidf_component/micro_ros_src/install/share/example_interfaces/msg/Int32MultiArray.json
-- Installing: /home/fercikmate/ftn/osurv/espROSso/esp32try5/components/micro_ros_espidf_component/micro_ros_src/install/share/example_interfaces/msg/Int64.json
-- Installing: /home/fercikmate/ftn/osurv/espROSso/esp32try5/components/micro_ros_espidf_component/micro_ros_src/install/share/example_interfaces/msg/Int64MultiArray.json
-- Installing: /home/fercikmate/ftn/osurv/espROSso/esp32try5/components/micro_ros_espidf_component/micro_ros_src/install/share/example_interfaces/msg/Int8.json
-- Installing: /home/fercikmate/ftn/osurv/espROSso/esp32try5/components/micro_ros_espidf_component/micro_ros_src/install/share/example_interfaces/msg/Int8MultiArray.json
-- Installing: /home/fercikmate/ftn/osurv/espROSso/esp32try5/components/micro_ros_espidf_component/micro_ros_src/install/share/example_interfaces/msg/MultiArrayDimension.json
-- Installing: /home/fercikmate/ftn/osurv/espROSso/esp32try5/components/micro_ros_espidf_component/micro_ros_src/install/share/example_interfaces/msg/MultiArrayLayout.json
-- Installing: /home/fercikmate/ftn/osurv/espROSso/esp32try5/components/micro_ros_espidf_component/micro_ros_src/install/share/example_interfaces/msg/String.json
-- Installing: /home/fercikmate/ftn/osurv/espROSso/esp32try5/components/micro_ros_espidf_component/micro_ros_src/install/share/example_interfaces/msg/UInt16.json
-- Installing: /home/fercikmate/ftn/osurv/espROSso/esp32try5/components/micro_ros_espidf_component/micro_ros_src/install/share/example_interfaces/msg/UInt16MultiArray.json
-- Installing: /home/fercikmate/ftn/osurv/espROSso/esp32try5/components/micro_ros_espidf_component/micro_ros_src/install/share/example_interfaces/msg/UInt32.json
-- Installing: /home/fercikmate/ftn/osurv/espROSso/esp32try5/components/micro_ros_espidf_component/micro_ros_src/install/share/example_interfaces/msg/UInt32MultiArray.json
-- Installing: /home/fercikmate/ftn/osurv/espROSso/esp32try5/components/micro_ros_espidf_component/micro_ros_src/install/share/example_interfaces/msg/UInt64.json
-- Installing: /home/fercikmate/ftn/osurv/espROSso/esp32try5/components/micro_ros_espidf_component/micro_ros_src/install/share/example_interfaces/msg/UInt64MultiArray.json
-- Installing: /home/fercikmate/ftn/osurv/espROSso/esp32try5/components/micro_ros_espidf_component/micro_ros_src/install/share/example_interfaces/msg/UInt8.json
-- Installing: /home/fercikmate/ftn/osurv/espROSso/esp32try5/components/micro_ros_espidf_component/micro_ros_src/install/share/example_interfaces/msg/UInt8MultiArray.json
-- Installing: /home/fercikmate/ftn/osurv/espROSso/esp32try5/components/micro_ros_espidf_component/micro_ros_src/install/share/example_interfaces/msg/WString.json
-- Installing: /home/fercikmate/ftn/osurv/espROSso/esp32try5/components/micro_ros_espidf_component/micro_ros_src/install/share/example_interfaces/srv/AddTwoInts.json
-- Installing: /home/fercikmate/ftn/osurv/espROSso/esp32try5/components/micro_ros_espidf_component/micro_ros_src/install/share/example_interfaces/srv/SetBool.json
-- Installing: /home/fercikmate/ftn/osurv/espROSso/esp32try5/components/micro_ros_espidf_component/micro_ros_src/install/share/example_interfaces/srv/Trigger.json
-- Installing: /home/fercikmate/ftn/osurv/espROSso/esp32try5/components/micro_ros_espidf_component/micro_ros_src/install/include/example_interfaces/example_interfaces
-- Installing: /home/fercikmate/ftn/osurv/espROSso/esp32try5/components/micro_ros_espidf_component/micro_ros_src/install/include/example_interfaces/example_interfaces/msg
-- Installing: /home/fercikmate/ftn/osurv/espROSso/esp32try5/components/micro_ros_espidf_component/micro_ros_src/install/include/example_interfaces/example_interfaces/msg/byte.h
-- Installing: /home/fercikmate/ftn/osurv/espROSso/esp32try5/components/micro_ros_espidf_component/micro_ros_src/install/include/example_interfaces/example_interfaces/msg/char.h
-- Installing: /home/fercikmate/ftn/osurv/espROSso/esp32try5/components/micro_ros_espidf_component/micro_ros_src/install/include/example_interfaces/example_interfaces/msg/float64.h
-- Installing: /home/fercikmate/ftn/osurv/espROSso/esp32try5/components/micro_ros_espidf_component/micro_ros_src/install/include/example_interfaces/example_interfaces/msg/rosidl_generator_c__visibility_control.h
-- Installing: /home/fercikmate/ftn/osurv/espROSso/esp32try5/components/micro_ros_espidf_component/micro_ros_src/install/include/example_interfaces/example_interfaces/msg/float32.h
-- Installing: /home/fercikmate/ftn/osurv/espROSso/esp32try5/components/micro_ros_espidf_component/micro_ros_src/install/include/example_interfaces/example_interfaces/msg/float64_multi_array.h
-- Installing: /home/fercikmate/ftn/osurv/espROSso/esp32try5/components/micro_ros_espidf_component/micro_ros_src/install/include/example_interfaces/example_interfaces/msg/u_int64_multi_array.h
-- Installing: /home/fercikmate/ftn/osurv/espROSso/esp32try5/components/micro_ros_espidf_component/micro_ros_src/install/include/example_interfaces/example_interfaces/msg/int32_multi_array.h
-- Installing: /home/fercikmate/ftn/osurv/espROSso/esp32try5/components/micro_ros_espidf_component/micro_ros_src/install/include/example_interfaces/example_interfaces/msg/int32.h
-- Installing: /home/fercikmate/ftn/osurv/espROSso/esp32try5/components/micro_ros_espidf_component/micro_ros_src/install/include/example_interfaces/example_interfaces/msg/multi_array_layout.h
-- Installing: /home/fercikmate/ftn/osurv/espROSso/esp32try5/components/micro_ros_espidf_component/micro_ros_src/install/include/example_interfaces/example_interfaces/msg/float32_multi_array.h
-- Installing: /home/fercikmate/ftn/osurv/espROSso/esp32try5/components/micro_ros_espidf_component/micro_ros_src/install/include/example_interfaces/example_interfaces/msg/int64_multi_array.h
-- Installing: /home/fercikmate/ftn/osurv/espROSso/esp32try5/components/micro_ros_espidf_component/micro_ros_src/install/include/example_interfaces/example_interfaces/msg/u_int8_multi_array.h
-- Installing: /home/fercikmate/ftn/osurv/espROSso/esp32try5/components/micro_ros_espidf_component/micro_ros_src/install/include/example_interfaces/example_interfaces/msg/int8.h
-- Installing: /home/fercikmate/ftn/osurv/espROSso/esp32try5/components/micro_ros_espidf_component/micro_ros_src/install/include/example_interfaces/example_interfaces/msg/u_int16.h
-- Installing: /home/fercikmate/ftn/osurv/espROSso/esp32try5/components/micro_ros_espidf_component/micro_ros_src/install/include/example_interfaces/example_interfaces/msg/u_int64.h
-- Installing: /home/fercikmate/ftn/osurv/espROSso/esp32try5/components/micro_ros_espidf_component/micro_ros_src/install/include/example_interfaces/example_interfaces/msg/u_int8.h
-- Installing: /home/fercikmate/ftn/osurv/espROSso/esp32try5/components/micro_ros_espidf_component/micro_ros_src/install/include/example_interfaces/example_interfaces/msg/int64.h
-- Installing: /home/fercikmate/ftn/osurv/espROSso/esp32try5/components/micro_ros_espidf_component/micro_ros_src/install/include/example_interfaces/example_interfaces/msg/empty.h
-- Installing: /home/fercikmate/ftn/osurv/espROSso/esp32try5/components/micro_ros_espidf_component/micro_ros_src/install/include/example_interfaces/example_interfaces/msg/detail
-- Installing: /home/fercikmate/ftn/osurv/espROSso/esp32try5/components/micro_ros_espidf_component/micro_ros_src/install/include/example_interfaces/example_interfaces/msg/detail/int16__struct.h
-- Installing: /home/fercikmate/ftn/osurv/espROSso/esp32try5/components/micro_ros_espidf_component/micro_ros_src/install/include/example_interfaces/example_interfaces/msg/detail/int64__functions.c
-- Installing: /home/fercikmate/ftn/osurv/espROSso/esp32try5/components/micro_ros_espidf_component/micro_ros_src/install/include/example_interfaces/example_interfaces/msg/detail/byte__functions.h
-- Installing: /home/fercikmate/ftn/osurv/espROSso/esp32try5/components/micro_ros_espidf_component/micro_ros_src/install/include/example_interfaces/example_interfaces/msg/detail/float32__functions.h
-- Installing: /home/fercikmate/ftn/osurv/espROSso/esp32try5/components/micro_ros_espidf_component/micro_ros_src/install/include/example_interfaces/example_interfaces/msg/detail/float32_multi_array__description.c
-- Installing: /home/fercikmate/ftn/osurv/espROSso/esp32try5/components/micro_ros_espidf_component/micro_ros_src/install/include/example_interfaces/example_interfaces/msg/detail/u_int16__struct.h
-- Installing: /home/fercikmate/ftn/osurv/espROSso/esp32try5/components/micro_ros_espidf_component/micro_ros_src/install/include/example_interfaces/example_interfaces/msg/detail/byte__type_support.c
-- Installing: /home/fercikmate/ftn/osurv/espROSso/esp32try5/components/micro_ros_espidf_component/micro_ros_src/install/include/example_interfaces/example_interfaces/msg/detail/w_string__struct.h
-- Installing: /home/fercikmate/ftn/osurv/espROSso/esp32try5/components/micro_ros_espidf_component/micro_ros_src/install/include/example_interfaces/example_interfaces/msg/detail/float64__type_support.h
-- Installing: /home/fercikmate/ftn/osurv/espROSso/esp32try5/components/micro_ros_espidf_component/micro_ros_src/install/include/example_interfaces/example_interfaces/msg/detail/string__functions.h
-- Installing: /home/fercikmate/ftn/osurv/espROSso/esp32try5/components/micro_ros_espidf_component/micro_ros_src/install/include/example_interfaces/example_interfaces/msg/detail/byte_multi_array__type_support.h
-- Installing: /home/fercikmate/ftn/osurv/espROSso/esp32try5/components/micro_ros_espidf_component/micro_ros_src/install/include/example_interfaces/example_interfaces/msg/detail/u_int8_multi_array__struct.h
-- Installing: /home/fercikmate/ftn/osurv/espROSso/esp32try5/components/micro_ros_espidf_component/micro_ros_src/install/include/example_interfaces/example_interfaces/msg/detail/int16__description.c
-- Installing: /home/fercikmate/ftn/osurv/espROSso/esp32try5/components/micro_ros_espidf_component/micro_ros_src/install/include/example_interfaces/example_interfaces/msg/detail/u_int64_multi_array__type_support.c
-- Installing: /home/fercikmate/ftn/osurv/espROSso/esp32try5/components/micro_ros_espidf_component/micro_ros_src/install/include/example_interfaces/example_interfaces/msg/detail/int8__functions.c
-- Installing: /home/fercikmate/ftn/osurv/espROSso/esp32try5/components/micro_ros_espidf_component/micro_ros_src/install/include/example_interfaces/example_interfaces/msg/detail/int8__struct.h
-- Installing: /home/fercikmate/ftn/osurv/espROSso/esp32try5/components/micro_ros_espidf_component/micro_ros_src/install/include/example_interfaces/example_interfaces/msg/detail/multi_array_dimension__struct.h
-- Installing: /home/fercikmate/ftn/osurv/espROSso/esp32try5/components/micro_ros_espidf_component/micro_ros_src/install/include/example_interfaces/example_interfaces/msg/detail/float32__functions.c
-- Installing: /home/fercikmate/ftn/osurv/espROSso/esp32try5/components/micro_ros_espidf_component/micro_ros_src/install/include/example_interfaces/example_interfaces/msg/detail/w_string__description.c
-- Installing: /home/fercikmate/ftn/osurv/espROSso/esp32try5/components/micro_ros_espidf_component/micro_ros_src/install/include/example_interfaces/example_interfaces/msg/detail/int32__type_support.c
-- Installing: /home/fercikmate/ftn/osurv/espROSso/esp32try5/components/micro_ros_espidf_component/micro_ros_src/install/include/example_interfaces/example_interfaces/msg/detail/u_int32__functions.h
-- Installing: /home/fercikmate/ftn/osurv/espROSso/esp32try5/components/micro_ros_espidf_component/micro_ros_src/install/include/example_interfaces/example_interfaces/msg/detail/int16_multi_array__description.c
-- Installing: /home/fercikmate/ftn/osurv/espROSso/esp32try5/components/micro_ros_espidf_component/micro_ros_src/install/include/example_interfaces/example_interfaces/msg/detail/bool__description.c
-- Installing: /home/fercikmate/ftn/osurv/espROSso/esp32try5/components/micro_ros_espidf_component/micro_ros_src/install/include/example_interfaces/example_interfaces/msg/detail/int32__type_support.h
-- Installing: /home/fercikmate/ftn/osurv/espROSso/esp32try5/components/micro_ros_espidf_component/micro_ros_src/install/include/example_interfaces/example_interfaces/msg/detail/empty__struct.h
-- Installing: /home/fercikmate/ftn/osurv/espROSso/esp32try5/components/micro_ros_espidf_component/micro_ros_src/install/include/example_interfaces/example_interfaces/msg/detail/float64_multi_array__functions.c
-- Installing: /home/fercikmate/ftn/osurv/espROSso/esp32try5/components/micro_ros_espidf_component/micro_ros_src/install/include/example_interfaces/example_interfaces/msg/detail/float32__description.c
-- Installing: /home/fercikmate/ftn/osurv/espROSso/esp32try5/components/micro_ros_espidf_component/micro_ros_src/install/include/example_interfaces/example_interfaces/msg/detail/char__type_support.c
-- Installing: /home/fercikmate/ftn/osurv/espROSso/esp32try5/components/micro_ros_espidf_component/micro_ros_src/install/include/example_interfaces/example_interfaces/msg/detail/u_int32_multi_array__description.c
-- Installing: /home/fercikmate/ftn/osurv/espROSso/esp32try5/components/micro_ros_espidf_component/micro_ros_src/install/include/example_interfaces/example_interfaces/msg/detail/float64__description.c
-- Installing: /home/fercikmate/ftn/osurv/espROSso/esp32try5/components/micro_ros_espidf_component/micro_ros_src/install/include/example_interfaces/example_interfaces/msg/detail/u_int8_multi_array__type_support.c
-- Installing: /home/fercikmate/ftn/osurv/espROSso/esp32try5/components/micro_ros_espidf_component/micro_ros_src/install/include/example_interfaces/example_interfaces/msg/detail/multi_array_dimension__type_support.h
-- Installing: /home/fercikmate/ftn/osurv/espROSso/esp32try5/components/micro_ros_espidf_component/micro_ros_src/install/include/example_interfaces/example_interfaces/msg/detail/float64__functions.h
-- Installing: /home/fercikmate/ftn/osurv/espROSso/esp32try5/components/micro_ros_espidf_component/micro_ros_src/install/include/example_interfaces/example_interfaces/msg/detail/u_int16__description.c
-- Installing: /home/fercikmate/ftn/osurv/espROSso/esp32try5/components/micro_ros_espidf_component/micro_ros_src/install/include/example_interfaces/example_interfaces/msg/detail/u_int64__description.c
-- Installing: /home/fercikmate/ftn/osurv/espROSso/esp32try5/components/micro_ros_espidf_component/micro_ros_src/install/include/example_interfaces/example_interfaces/msg/detail/byte_multi_array__struct.h
-- Installing: /home/fercikmate/ftn/osurv/espROSso/esp32try5/components/micro_ros_espidf_component/micro_ros_src/install/include/example_interfaces/example_interfaces/msg/detail/u_int8_multi_array__description.c
-- Installing: /home/fercikmate/ftn/osurv/espROSso/esp32try5/components/micro_ros_espidf_component/micro_ros_src/install/include/example_interfaces/example_interfaces/msg/detail/int8__description.c
-- Installing: /home/fercikmate/ftn/osurv/espROSso/esp32try5/components/micro_ros_espidf_component/micro_ros_src/install/include/example_interfaces/example_interfaces/msg/detail/int8_multi_array__type_support.h
-- Installing: /home/fercikmate/ftn/osurv/espROSso/esp32try5/components/micro_ros_espidf_component/micro_ros_src/install/include/example_interfaces/example_interfaces/msg/detail/bool__type_support.h
-- Installing: /home/fercikmate/ftn/osurv/espROSso/esp32try5/components/micro_ros_espidf_component/micro_ros_src/install/include/example_interfaces/example_interfaces/msg/detail/byte_multi_array__type_support.c
-- Installing: /home/fercikmate/ftn/osurv/espROSso/esp32try5/components/micro_ros_espidf_component/micro_ros_src/install/include/example_interfaces/example_interfaces/msg/detail/bool__functions.c
-- Installing: /home/fercikmate/ftn/osurv/espROSso/esp32try5/components/micro_ros_espidf_component/micro_ros_src/install/include/example_interfaces/example_interfaces/msg/detail/u_int64__functions.h
-- Installing: /home/fercikmate/ftn/osurv/espROSso/esp32try5/components/micro_ros_espidf_component/micro_ros_src/install/include/example_interfaces/example_interfaces/msg/detail/u_int32__struct.h
-- Installing: /home/fercikmate/ftn/osurv/espROSso/esp32try5/components/micro_ros_espidf_component/micro_ros_src/install/include/example_interfaces/example_interfaces/msg/detail/empty__type_support.c
-- Installing: /home/fercikmate/ftn/osurv/espROSso/esp32try5/components/micro_ros_espidf_component/micro_ros_src/install/include/example_interfaces/example_interfaces/msg/detail/u_int16__type_support.h
-- Installing: /home/fercikmate/ftn/osurv/espROSso/esp32try5/components/micro_ros_espidf_component/micro_ros_src/install/include/example_interfaces/example_interfaces/msg/detail/string__type_support.c
-- Installing: /home/fercikmate/ftn/osurv/espROSso/esp32try5/components/micro_ros_espidf_component/micro_ros_src/install/include/example_interfaces/example_interfaces/msg/detail/int64_multi_array__type_support.c
-- Installing: /home/fercikmate/ftn/osurv/espROSso/esp32try5/components/micro_ros_espidf_component/micro_ros_src/install/include/example_interfaces/example_interfaces/msg/detail/u_int8__struct.h
-- Installing: /home/fercikmate/ftn/osurv/espROSso/esp32try5/components/micro_ros_espidf_component/micro_ros_src/install/include/example_interfaces/example_interfaces/msg/detail/w_string__functions.c
-- Installing: /home/fercikmate/ftn/osurv/espROSso/esp32try5/components/micro_ros_espidf_component/micro_ros_src/install/include/example_interfaces/example_interfaces/msg/detail/multi_array_layout__functions.c
-- Installing: /home/fercikmate/ftn/osurv/espROSso/esp32try5/components/micro_ros_espidf_component/micro_ros_src/install/include/example_interfaces/example_interfaces/msg/detail/u_int16__functions.c
-- Installing: /home/fercikmate/ftn/osurv/espROSso/esp32try5/components/micro_ros_espidf_component/micro_ros_src/install/include/example_interfaces/example_interfaces/msg/detail/int8_multi_array__description.c
-- Installing: /home/fercikmate/ftn/osurv/espROSso/esp32try5/components/micro_ros_espidf_component/micro_ros_src/install/include/example_interfaces/example_interfaces/msg/detail/int64__description.c
-- Installing: /home/fercikmate/ftn/osurv/espROSso/esp32try5/components/micro_ros_espidf_component/micro_ros_src/install/include/example_interfaces/example_interfaces/msg/detail/int8_multi_array__type_support.c
-- Installing: /home/fercikmate/ftn/osurv/espROSso/esp32try5/components/micro_ros_espidf_component/micro_ros_src/install/include/example_interfaces/example_interfaces/msg/detail/int16_multi_array__functions.h
-- Installing: /home/fercikmate/ftn/osurv/espROSso/esp32try5/components/micro_ros_espidf_component/micro_ros_src/install/include/example_interfaces/example_interfaces/msg/detail/u_int8__functions.h
-- Installing: /home/fercikmate/ftn/osurv/espROSso/esp32try5/components/micro_ros_espidf_component/micro_ros_src/install/include/example_interfaces/example_interfaces/msg/detail/u_int8__type_support.h
-- Installing: /home/fercikmate/ftn/osurv/espROSso/esp32try5/components/micro_ros_espidf_component/micro_ros_src/install/include/example_interfaces/example_interfaces/msg/detail/byte_multi_array__functions.h
-- Installing: /home/fercikmate/ftn/osurv/espROSso/esp32try5/components/micro_ros_espidf_component/micro_ros_src/install/include/example_interfaces/example_interfaces/msg/detail/int32__description.c
-- Installing: /home/fercikmate/ftn/osurv/espROSso/esp32try5/components/micro_ros_espidf_component/micro_ros_src/install/include/example_interfaces/example_interfaces/msg/detail/u_int64__type_support.h
-- Installing: /home/fercikmate/ftn/osurv/espROSso/esp32try5/components/micro_ros_espidf_component/micro_ros_src/install/include/example_interfaces/example_interfaces/msg/detail/byte__struct.h
-- Installing: /home/fercikmate/ftn/osurv/espROSso/esp32try5/components/micro_ros_espidf_component/micro_ros_src/install/include/example_interfaces/example_interfaces/msg/detail/int8_multi_array__struct.h
-- Installing: /home/fercikmate/ftn/osurv/espROSso/esp32try5/components/micro_ros_espidf_component/micro_ros_src/install/include/example_interfaces/example_interfaces/msg/detail/float64__type_support.c
-- Installing: /home/fercikmate/ftn/osurv/espROSso/esp32try5/components/micro_ros_espidf_component/micro_ros_src/install/include/example_interfaces/example_interfaces/msg/detail/multi_array_layout__struct.h
-- Installing: /home/fercikmate/ftn/osurv/espROSso/esp32try5/components/micro_ros_espidf_component/micro_ros_src/install/include/example_interfaces/example_interfaces/msg/detail/u_int64__struct.h
-- Installing: /home/fercikmate/ftn/osurv/espROSso/esp32try5/components/micro_ros_espidf_component/micro_ros_src/install/include/example_interfaces/example_interfaces/msg/detail/u_int8__functions.c
-- Installing: /home/fercikmate/ftn/osurv/espROSso/esp32try5/components/micro_ros_espidf_component/micro_ros_src/install/include/example_interfaces/example_interfaces/msg/detail/empty__functions.c
-- Installing: /home/fercikmate/ftn/osurv/espROSso/esp32try5/components/micro_ros_espidf_component/micro_ros_src/install/include/example_interfaces/example_interfaces/msg/detail/multi_array_dimension__functions.c
-- Installing: /home/fercikmate/ftn/osurv/espROSso/esp32try5/components/micro_ros_espidf_component/micro_ros_src/install/include/example_interfaces/example_interfaces/msg/detail/int64__type_support.c
-- Installing: /home/fercikmate/ftn/osurv/espROSso/esp32try5/components/micro_ros_espidf_component/micro_ros_src/install/include/example_interfaces/example_interfaces/msg/detail/float32_multi_array__type_support.h
-- Installing: /home/fercikmate/ftn/osurv/espROSso/esp32try5/components/micro_ros_espidf_component/micro_ros_src/install/include/example_interfaces/example_interfaces/msg/detail/int8_multi_array__functions.h
-- Installing: /home/fercikmate/ftn/osurv/espROSso/esp32try5/components/micro_ros_espidf_component/micro_ros_src/install/include/example_interfaces/example_interfaces/msg/detail/u_int16__type_support.c
-- Installing: /home/fercikmate/ftn/osurv/espROSso/esp32try5/components/micro_ros_espidf_component/micro_ros_src/install/include/example_interfaces/example_interfaces/msg/detail/float32__struct.h
-- Installing: /home/fercikmate/ftn/osurv/espROSso/esp32try5/components/micro_ros_espidf_component/micro_ros_src/install/include/example_interfaces/example_interfaces/msg/detail/int16_multi_array__type_support.c
-- Installing: /home/fercikmate/ftn/osurv/espROSso/esp32try5/components/micro_ros_espidf_component/micro_ros_src/install/include/example_interfaces/example_interfaces/msg/detail/float64_multi_array__functions.h
-- Installing: /home/fercikmate/ftn/osurv/espROSso/esp32try5/components/micro_ros_espidf_component/micro_ros_src/install/include/example_interfaces/example_interfaces/msg/detail/char__functions.c
-- Installing: /home/fercikmate/ftn/osurv/espROSso/esp32try5/components/micro_ros_espidf_component/micro_ros_src/install/include/example_interfaces/example_interfaces/msg/detail/int64__functions.h
-- Installing: /home/fercikmate/ftn/osurv/espROSso/esp32try5/components/micro_ros_espidf_component/micro_ros_src/install/include/example_interfaces/example_interfaces/msg/detail/int64__struct.h
-- Installing: /home/fercikmate/ftn/osurv/espROSso/esp32try5/components/micro_ros_espidf_component/micro_ros_src/install/include/example_interfaces/example_interfaces/msg/detail/float32__type_support.c
-- Installing: /home/fercikmate/ftn/osurv/espROSso/esp32try5/components/micro_ros_espidf_component/micro_ros_src/install/include/example_interfaces/example_interfaces/msg/detail/u_int64_multi_array__functions.h
-- Installing: /home/fercikmate/ftn/osurv/espROSso/esp32try5/components/micro_ros_espidf_component/micro_ros_src/install/include/example_interfaces/example_interfaces/msg/detail/u_int32__type_support.h
-- Installing: /home/fercikmate/ftn/osurv/espROSso/esp32try5/components/micro_ros_espidf_component/micro_ros_src/install/include/example_interfaces/example_interfaces/msg/detail/u_int8__description.c
-- Installing: /home/fercikmate/ftn/osurv/espROSso/esp32try5/components/micro_ros_espidf_component/micro_ros_src/install/include/example_interfaces/example_interfaces/msg/detail/int8_multi_array__functions.c
-- Installing: /home/fercikmate/ftn/osurv/espROSso/esp32try5/components/micro_ros_espidf_component/micro_ros_src/install/include/example_interfaces/example_interfaces/msg/detail/u_int16_multi_array__functions.c
-- Installing: /home/fercikmate/ftn/osurv/espROSso/esp32try5/components/micro_ros_espidf_component/micro_ros_src/install/include/example_interfaces/example_interfaces/msg/detail/u_int64_multi_array__functions.c
-- Installing: /home/fercikmate/ftn/osurv/espROSso/esp32try5/components/micro_ros_espidf_component/micro_ros_src/install/include/example_interfaces/example_interfaces/msg/detail/string__functions.c
-- Installing: /home/fercikmate/ftn/osurv/espROSso/esp32try5/components/micro_ros_espidf_component/micro_ros_src/install/include/example_interfaces/example_interfaces/msg/detail/u_int16_multi_array__struct.h
-- Installing: /home/fercikmate/ftn/osurv/espROSso/esp32try5/components/micro_ros_espidf_component/micro_ros_src/install/include/example_interfaces/example_interfaces/msg/detail/string__type_support.h
-- Installing: /home/fercikmate/ftn/osurv/espROSso/esp32try5/components/micro_ros_espidf_component/micro_ros_src/install/include/example_interfaces/example_interfaces/msg/detail/float64__struct.h
-- Installing: /home/fercikmate/ftn/osurv/espROSso/esp32try5/components/micro_ros_espidf_component/micro_ros_src/install/include/example_interfaces/example_interfaces/msg/detail/u_int16_multi_array__type_support.c
-- Installing: /home/fercikmate/ftn/osurv/espROSso/esp32try5/components/micro_ros_espidf_component/micro_ros_src/install/include/example_interfaces/example_interfaces/msg/detail/int32__functions.h
-- Installing: /home/fercikmate/ftn/osurv/espROSso/esp32try5/components/micro_ros_espidf_component/micro_ros_src/install/include/example_interfaces/example_interfaces/msg/detail/float32_multi_array__type_support.c
-- Installing: /home/fercikmate/ftn/osurv/espROSso/esp32try5/components/micro_ros_espidf_component/micro_ros_src/install/include/example_interfaces/example_interfaces/msg/detail/multi_array_layout__description.c
-- Installing: /home/fercikmate/ftn/osurv/espROSso/esp32try5/components/micro_ros_espidf_component/micro_ros_src/install/include/example_interfaces/example_interfaces/msg/detail/float32_multi_array__struct.h
-- Installing: /home/fercikmate/ftn/osurv/espROSso/esp32try5/components/micro_ros_espidf_component/micro_ros_src/install/include/example_interfaces/example_interfaces/msg/detail/empty__description.c
-- Installing: /home/fercikmate/ftn/osurv/espROSso/esp32try5/components/micro_ros_espidf_component/micro_ros_src/install/include/example_interfaces/example_interfaces/msg/detail/int8__functions.h
-- Installing: /home/fercikmate/ftn/osurv/espROSso/esp32try5/components/micro_ros_espidf_component/micro_ros_src/install/include/example_interfaces/example_interfaces/msg/detail/u_int64_multi_array__description.c
-- Installing: /home/fercikmate/ftn/osurv/espROSso/esp32try5/components/micro_ros_espidf_component/micro_ros_src/install/include/example_interfaces/example_interfaces/msg/detail/int32_multi_array__type_support.h
-- Installing: /home/fercikmate/ftn/osurv/espROSso/esp32try5/components/micro_ros_espidf_component/micro_ros_src/install/include/example_interfaces/example_interfaces/msg/detail/string__description.c
-- Installing: /home/fercikmate/ftn/osurv/espROSso/esp32try5/components/micro_ros_espidf_component/micro_ros_src/install/include/example_interfaces/example_interfaces/msg/detail/multi_array_dimension__description.c
-- Installing: /home/fercikmate/ftn/osurv/espROSso/esp32try5/components/micro_ros_espidf_component/micro_ros_src/install/include/example_interfaces/example_interfaces/msg/detail/u_int32_multi_array__struct.h
-- Installing: /home/fercikmate/ftn/osurv/espROSso/esp32try5/components/micro_ros_espidf_component/micro_ros_src/install/include/example_interfaces/example_interfaces/msg/detail/float64_multi_array__type_support.c
-- Installing: /home/fercikmate/ftn/osurv/espROSso/esp32try5/components/micro_ros_espidf_component/micro_ros_src/install/include/example_interfaces/example_interfaces/msg/detail/float32_multi_array__functions.h
-- Installing: /home/fercikmate/ftn/osurv/espROSso/esp32try5/components/micro_ros_espidf_component/micro_ros_src/install/include/example_interfaces/example_interfaces/msg/detail/u_int8_multi_array__functions.h
-- Installing: /home/fercikmate/ftn/osurv/espROSso/esp32try5/components/micro_ros_espidf_component/micro_ros_src/install/include/example_interfaces/example_interfaces/msg/detail/int16__functions.h
-- Installing: /home/fercikmate/ftn/osurv/espROSso/esp32try5/components/micro_ros_espidf_component/micro_ros_src/install/include/example_interfaces/example_interfaces/msg/detail/int16_multi_array__struct.h
-- Installing: /home/fercikmate/ftn/osurv/espROSso/esp32try5/components/micro_ros_espidf_component/micro_ros_src/install/include/example_interfaces/example_interfaces/msg/detail/u_int32_multi_array__functions.c
-- Installing: /home/fercikmate/ftn/osurv/espROSso/esp32try5/components/micro_ros_espidf_component/micro_ros_src/install/include/example_interfaces/example_interfaces/msg/detail/int8__type_support.c
-- Installing: /home/fercikmate/ftn/osurv/espROSso/esp32try5/components/micro_ros_espidf_component/micro_ros_src/install/include/example_interfaces/example_interfaces/msg/detail/multi_array_layout__type_support.c
-- Installing: /home/fercikmate/ftn/osurv/espROSso/esp32try5/components/micro_ros_espidf_component/micro_ros_src/install/include/example_interfaces/example_interfaces/msg/detail/bool__functions.h
-- Installing: /home/fercikmate/ftn/osurv/espROSso/esp32try5/components/micro_ros_espidf_component/micro_ros_src/install/include/example_interfaces/example_interfaces/msg/detail/int64_multi_array__description.c
-- Installing: /home/fercikmate/ftn/osurv/espROSso/esp32try5/components/micro_ros_espidf_component/micro_ros_src/install/include/example_interfaces/example_interfaces/msg/detail/u_int64_multi_array__struct.h
-- Installing: /home/fercikmate/ftn/osurv/espROSso/esp32try5/components/micro_ros_espidf_component/micro_ros_src/install/include/example_interfaces/example_interfaces/msg/detail/float32_multi_array__functions.c
-- Installing: /home/fercikmate/ftn/osurv/espROSso/esp32try5/components/micro_ros_espidf_component/micro_ros_src/install/include/example_interfaces/example_interfaces/msg/detail/empty__type_support.h
-- Installing: /home/fercikmate/ftn/osurv/espROSso/esp32try5/components/micro_ros_espidf_component/micro_ros_src/install/include/example_interfaces/example_interfaces/msg/detail/int32_multi_array__description.c
-- Installing: /home/fercikmate/ftn/osurv/espROSso/esp32try5/components/micro_ros_espidf_component/micro_ros_src/install/include/example_interfaces/example_interfaces/msg/detail/char__functions.h
-- Installing: /home/fercikmate/ftn/osurv/espROSso/esp32try5/components/micro_ros_espidf_component/micro_ros_src/install/include/example_interfaces/example_interfaces/msg/detail/u_int32_multi_array__functions.h
-- Installing: /home/fercikmate/ftn/osurv/espROSso/esp32try5/components/micro_ros_espidf_component/micro_ros_src/install/include/example_interfaces/example_interfaces/msg/detail/char__struct.h
-- Installing: /home/fercikmate/ftn/osurv/espROSso/esp32try5/components/micro_ros_espidf_component/micro_ros_src/install/include/example_interfaces/example_interfaces/msg/detail/u_int32__description.c
-- Installing: /home/fercikmate/ftn/osurv/espROSso/esp32try5/components/micro_ros_espidf_component/micro_ros_src/install/include/example_interfaces/example_interfaces/msg/detail/u_int64__type_support.c
-- Installing: /home/fercikmate/ftn/osurv/espROSso/esp32try5/components/micro_ros_espidf_component/micro_ros_src/install/include/example_interfaces/example_interfaces/msg/detail/int32_multi_array__struct.h
-- Installing: /home/fercikmate/ftn/osurv/espROSso/esp32try5/components/micro_ros_espidf_component/micro_ros_src/install/include/example_interfaces/example_interfaces/msg/detail/float64_multi_array__struct.h
-- Installing: /home/fercikmate/ftn/osurv/espROSso/esp32try5/components/micro_ros_espidf_component/micro_ros_src/install/include/example_interfaces/example_interfaces/msg/detail/multi_array_layout__type_support.h
-- Installing: /home/fercikmate/ftn/osurv/espROSso/esp32try5/components/micro_ros_espidf_component/micro_ros_src/install/include/example_interfaces/example_interfaces/msg/detail/string__struct.h
-- Installing: /home/fercikmate/ftn/osurv/espROSso/esp32try5/components/micro_ros_espidf_component/micro_ros_src/install/include/example_interfaces/example_interfaces/msg/detail/float32__type_support.h
-- Installing: /home/fercikmate/ftn/osurv/espROSso/esp32try5/components/micro_ros_espidf_component/micro_ros_src/install/include/example_interfaces/example_interfaces/msg/detail/int32_multi_array__functions.c
-- Installing: /home/fercikmate/ftn/osurv/espROSso/esp32try5/components/micro_ros_espidf_component/micro_ros_src/install/include/example_interfaces/example_interfaces/msg/detail/u_int8__type_support.c
-- Installing: /home/fercikmate/ftn/osurv/espROSso/esp32try5/components/micro_ros_espidf_component/micro_ros_src/install/include/example_interfaces/example_interfaces/msg/detail/int64_multi_array__functions.h
-- Installing: /home/fercikmate/ftn/osurv/espROSso/esp32try5/components/micro_ros_espidf_component/micro_ros_src/install/include/example_interfaces/example_interfaces/msg/detail/float64_multi_array__type_support.h
-- Installing: /home/fercikmate/ftn/osurv/espROSso/esp32try5/components/micro_ros_espidf_component/micro_ros_src/install/include/example_interfaces/example_interfaces/msg/detail/byte__description.c
-- Installing: /home/fercikmate/ftn/osurv/espROSso/esp32try5/components/micro_ros_espidf_component/micro_ros_src/install/include/example_interfaces/example_interfaces/msg/detail/u_int8_multi_array__type_support.h
-- Installing: /home/fercikmate/ftn/osurv/espROSso/esp32try5/components/micro_ros_espidf_component/micro_ros_src/install/include/example_interfaces/example_interfaces/msg/detail/int16_multi_array__type_support.h
-- Installing: /home/fercikmate/ftn/osurv/espROSso/esp32try5/components/micro_ros_espidf_component/micro_ros_src/install/include/example_interfaces/example_interfaces/msg/detail/int32__functions.c
-- Installing: /home/fercikmate/ftn/osurv/espROSso/esp32try5/components/micro_ros_espidf_component/micro_ros_src/install/include/example_interfaces/example_interfaces/msg/detail/u_int32_multi_array__type_support.c
-- Installing: /home/fercikmate/ftn/osurv/espROSso/esp32try5/components/micro_ros_espidf_component/micro_ros_src/install/include/example_interfaces/example_interfaces/msg/detail/byte_multi_array__functions.c
-- Installing: /home/fercikmate/ftn/osurv/espROSso/esp32try5/components/micro_ros_espidf_component/micro_ros_src/install/include/example_interfaces/example_interfaces/msg/detail/empty__functions.h
-- Installing: /home/fercikmate/ftn/osurv/espROSso/esp32try5/components/micro_ros_espidf_component/micro_ros_src/install/include/example_interfaces/example_interfaces/msg/detail/float64_multi_array__description.c
-- Installing: /home/fercikmate/ftn/osurv/espROSso/esp32try5/components/micro_ros_espidf_component/micro_ros_src/install/include/example_interfaces/example_interfaces/msg/detail/u_int16_multi_array__type_support.h
-- Installing: /home/fercikmate/ftn/osurv/espROSso/esp32try5/components/micro_ros_espidf_component/micro_ros_src/install/include/example_interfaces/example_interfaces/msg/detail/w_string__functions.h
-- Installing: /home/fercikmate/ftn/osurv/espROSso/esp32try5/components/micro_ros_espidf_component/micro_ros_src/install/include/example_interfaces/example_interfaces/msg/detail/u_int32__type_support.c
-- Installing: /home/fercikmate/ftn/osurv/espROSso/esp32try5/components/micro_ros_espidf_component/micro_ros_src/install/include/example_interfaces/example_interfaces/msg/detail/int32__struct.h
-- Installing: /home/fercikmate/ftn/osurv/espROSso/esp32try5/components/micro_ros_espidf_component/micro_ros_src/install/include/example_interfaces/example_interfaces/msg/detail/bool__type_support.c
-- Installing: /home/fercikmate/ftn/osurv/espROSso/esp32try5/components/micro_ros_espidf_component/micro_ros_src/install/include/example_interfaces/example_interfaces/msg/detail/byte__functions.c
-- Installing: /home/fercikmate/ftn/osurv/espROSso/esp32try5/components/micro_ros_espidf_component/micro_ros_src/install/include/example_interfaces/example_interfaces/msg/detail/u_int16__functions.h
-- Installing: /home/fercikmate/ftn/osurv/espROSso/esp32try5/components/micro_ros_espidf_component/micro_ros_src/install/include/example_interfaces/example_interfaces/msg/detail/byte__type_support.h
-- Installing: /home/fercikmate/ftn/osurv/espROSso/esp32try5/components/micro_ros_espidf_component/micro_ros_src/install/include/example_interfaces/example_interfaces/msg/detail/int32_multi_array__type_support.c
-- Installing: /home/fercikmate/ftn/osurv/espROSso/esp32try5/components/micro_ros_espidf_component/micro_ros_src/install/include/example_interfaces/example_interfaces/msg/detail/u_int16_multi_array__functions.h
-- Installing: /home/fercikmate/ftn/osurv/espROSso/esp32try5/components/micro_ros_espidf_component/micro_ros_src/install/include/example_interfaces/example_interfaces/msg/detail/u_int32_multi_array__type_support.h
-- Installing: /home/fercikmate/ftn/osurv/espROSso/esp32try5/components/micro_ros_espidf_component/micro_ros_src/install/include/example_interfaces/example_interfaces/msg/detail/int8__type_support.h
-- Installing: /home/fercikmate/ftn/osurv/espROSso/esp32try5/components/micro_ros_espidf_component/micro_ros_src/install/include/example_interfaces/example_interfaces/msg/detail/u_int16_multi_array__description.c
-- Installing: /home/fercikmate/ftn/osurv/espROSso/esp32try5/components/micro_ros_espidf_component/micro_ros_src/install/include/example_interfaces/example_interfaces/msg/detail/int64_multi_array__struct.h
-- Installing: /home/fercikmate/ftn/osurv/espROSso/esp32try5/components/micro_ros_espidf_component/micro_ros_src/install/include/example_interfaces/example_interfaces/msg/detail/int32_multi_array__functions.h
-- Installing: /home/fercikmate/ftn/osurv/espROSso/esp32try5/components/micro_ros_espidf_component/micro_ros_src/install/include/example_interfaces/example_interfaces/msg/detail/int64_multi_array__type_support.h
-- Installing: /home/fercikmate/ftn/osurv/espROSso/esp32try5/components/micro_ros_espidf_component/micro_ros_src/install/include/example_interfaces/example_interfaces/msg/detail/w_string__type_support.h
-- Installing: /home/fercikmate/ftn/osurv/espROSso/esp32try5/components/micro_ros_espidf_component/micro_ros_src/install/include/example_interfaces/example_interfaces/msg/detail/int16_multi_array__functions.c
-- Installing: /home/fercikmate/ftn/osurv/espROSso/esp32try5/components/micro_ros_espidf_component/micro_ros_src/install/include/example_interfaces/example_interfaces/msg/detail/w_string__type_support.c
-- Installing: /home/fercikmate/ftn/osurv/espROSso/esp32try5/components/micro_ros_espidf_component/micro_ros_src/install/include/example_interfaces/example_interfaces/msg/detail/int64__type_support.h
-- Installing: /home/fercikmate/ftn/osurv/espROSso/esp32try5/components/micro_ros_espidf_component/micro_ros_src/install/include/example_interfaces/example_interfaces/msg/detail/u_int32__functions.c
-- Installing: /home/fercikmate/ftn/osurv/espROSso/esp32try5/components/micro_ros_espidf_component/micro_ros_src/install/include/example_interfaces/example_interfaces/msg/detail/int16__functions.c
-- Installing: /home/fercikmate/ftn/osurv/espROSso/esp32try5/components/micro_ros_espidf_component/micro_ros_src/install/include/example_interfaces/example_interfaces/msg/detail/char__description.c
-- Installing: /home/fercikmate/ftn/osurv/espROSso/esp32try5/components/micro_ros_espidf_component/micro_ros_src/install/include/example_interfaces/example_interfaces/msg/detail/int64_multi_array__functions.c
-- Installing: /home/fercikmate/ftn/osurv/espROSso/esp32try5/components/micro_ros_espidf_component/micro_ros_src/install/include/example_interfaces/example_interfaces/msg/detail/float64__functions.c
-- Installing: /home/fercikmate/ftn/osurv/espROSso/esp32try5/components/micro_ros_espidf_component/micro_ros_src/install/include/example_interfaces/example_interfaces/msg/detail/byte_multi_array__description.c
-- Installing: /home/fercikmate/ftn/osurv/espROSso/esp32try5/components/micro_ros_espidf_component/micro_ros_src/install/include/example_interfaces/example_interfaces/msg/detail/u_int8_multi_array__functions.c
-- Installing: /home/fercikmate/ftn/osurv/espROSso/esp32try5/components/micro_ros_espidf_component/micro_ros_src/install/include/example_interfaces/example_interfaces/msg/detail/char__type_support.h
-- Installing: /home/fercikmate/ftn/osurv/espROSso/esp32try5/components/micro_ros_espidf_component/micro_ros_src/install/include/example_interfaces/example_interfaces/msg/detail/u_int64__functions.c
-- Installing: /home/fercikmate/ftn/osurv/espROSso/esp32try5/components/micro_ros_espidf_component/micro_ros_src/install/include/example_interfaces/example_interfaces/msg/detail/int16__type_support.h
-- Installing: /home/fercikmate/ftn/osurv/espROSso/esp32try5/components/micro_ros_espidf_component/micro_ros_src/install/include/example_interfaces/example_interfaces/msg/detail/multi_array_dimension__type_support.c
-- Installing: /home/fercikmate/ftn/osurv/espROSso/esp32try5/components/micro_ros_espidf_component/micro_ros_src/install/include/example_interfaces/example_interfaces/msg/detail/int16__type_support.c
-- Installing: /home/fercikmate/ftn/osurv/espROSso/esp32try5/components/micro_ros_espidf_component/micro_ros_src/install/include/example_interfaces/example_interfaces/msg/detail/bool__struct.h
-- Installing: /home/fercikmate/ftn/osurv/espROSso/esp32try5/components/micro_ros_espidf_component/micro_ros_src/install/include/example_interfaces/example_interfaces/msg/detail/multi_array_layout__functions.h
-- Installing: /home/fercikmate/ftn/osurv/espROSso/esp32try5/components/micro_ros_espidf_component/micro_ros_src/install/include/example_interfaces/example_interfaces/msg/detail/multi_array_dimension__functions.h
-- Installing: /home/fercikmate/ftn/osurv/espROSso/esp32try5/components/micro_ros_espidf_component/micro_ros_src/install/include/example_interfaces/example_interfaces/msg/detail/u_int64_multi_array__type_support.h
-- Installing: /home/fercikmate/ftn/osurv/espROSso/esp32try5/components/micro_ros_espidf_component/micro_ros_src/install/include/example_interfaces/example_interfaces/msg/u_int32_multi_array.h
-- Installing: /home/fercikmate/ftn/osurv/espROSso/esp32try5/components/micro_ros_espidf_component/micro_ros_src/install/include/example_interfaces/example_interfaces/msg/string.h
-- Installing: /home/fercikmate/ftn/osurv/espROSso/esp32try5/components/micro_ros_espidf_component/micro_ros_src/install/include/example_interfaces/example_interfaces/msg/bool.h
-- Installing: /home/fercikmate/ftn/osurv/espROSso/esp32try5/components/micro_ros_espidf_component/micro_ros_src/install/include/example_interfaces/example_interfaces/msg/int16_multi_array.h
-- Installing: /home/fercikmate/ftn/osurv/espROSso/esp32try5/components/micro_ros_espidf_component/micro_ros_src/install/include/example_interfaces/example_interfaces/msg/multi_array_dimension.h
-- Installing: /home/fercikmate/ftn/osurv/espROSso/esp32try5/components/micro_ros_espidf_component/micro_ros_src/install/include/example_interfaces/example_interfaces/msg/w_string.h
-- Installing: /home/fercikmate/ftn/osurv/espROSso/esp32try5/components/micro_ros_espidf_component/micro_ros_src/install/include/example_interfaces/example_interfaces/msg/int8_multi_array.h
-- Installing: /home/fercikmate/ftn/osurv/espROSso/esp32try5/components/micro_ros_espidf_component/micro_ros_src/install/include/example_interfaces/example_interfaces/msg/int16.h
-- Installing: /home/fercikmate/ftn/osurv/espROSso/esp32try5/components/micro_ros_espidf_component/micro_ros_src/install/include/example_interfaces/example_interfaces/msg/u_int32.h
-- Installing: /home/fercikmate/ftn/osurv/espROSso/esp32try5/components/micro_ros_espidf_component/micro_ros_src/install/include/example_interfaces/example_interfaces/msg/u_int16_multi_array.h
-- Installing: /home/fercikmate/ftn/osurv/espROSso/esp32try5/components/micro_ros_espidf_component/micro_ros_src/install/include/example_interfaces/example_interfaces/msg/byte_multi_array.h
-- Installing: /home/fercikmate/ftn/osurv/espROSso/esp32try5/components/micro_ros_espidf_component/micro_ros_src/install/include/example_interfaces/example_interfaces/srv
-- Installing: /home/fercikmate/ftn/osurv/espROSso/esp32try5/components/micro_ros_espidf_component/micro_ros_src/install/include/example_interfaces/example_interfaces/srv/add_two_ints.h
-- Installing: /home/fercikmate/ftn/osurv/espROSso/esp32try5/components/micro_ros_espidf_component/micro_ros_src/install/include/example_interfaces/example_interfaces/srv/set_bool.h
-- Installing: /home/fercikmate/ftn/osurv/espROSso/esp32try5/components/micro_ros_espidf_component/micro_ros_src/install/include/example_interfaces/example_interfaces/srv/trigger.h
-- Installing: /home/fercikmate/ftn/osurv/espROSso/esp32try5/components/micro_ros_espidf_component/micro_ros_src/install/include/example_interfaces/example_interfaces/srv/detail
-- Installing: /home/fercikmate/ftn/osurv/espROSso/esp32try5/components/micro_ros_espidf_component/micro_ros_src/install/include/example_interfaces/example_interfaces/srv/detail/add_two_ints__struct.h
-- Installing: /home/fercikmate/ftn/osurv/espROSso/esp32try5/components/micro_ros_espidf_component/micro_ros_src/install/include/example_interfaces/example_interfaces/srv/detail/trigger__type_support.h
-- Installing: /home/fercikmate/ftn/osurv/espROSso/esp32try5/components/micro_ros_espidf_component/micro_ros_src/install/include/example_interfaces/example_interfaces/srv/detail/trigger__description.c
-- Installing: /home/fercikmate/ftn/osurv/espROSso/esp32try5/components/micro_ros_espidf_component/micro_ros_src/install/include/example_interfaces/example_interfaces/srv/detail/set_bool__type_support.c
-- Installing: /home/fercikmate/ftn/osurv/espROSso/esp32try5/components/micro_ros_espidf_component/micro_ros_src/install/include/example_interfaces/example_interfaces/srv/detail/trigger__struct.h
-- Installing: /home/fercikmate/ftn/osurv/espROSso/esp32try5/components/micro_ros_espidf_component/micro_ros_src/install/include/example_interfaces/example_interfaces/srv/detail/set_bool__description.c
-- Installing: /home/fercikmate/ftn/osurv/espROSso/esp32try5/components/micro_ros_espidf_component/micro_ros_src/install/include/example_interfaces/example_interfaces/srv/detail/add_two_ints__functions.h
-- Installing: /home/fercikmate/ftn/osurv/espROSso/esp32try5/components/micro_ros_espidf_component/micro_ros_src/install/include/example_interfaces/example_interfaces/srv/detail/set_bool__struct.h
-- Installing: /home/fercikmate/ftn/osurv/espROSso/esp32try5/components/micro_ros_espidf_component/micro_ros_src/install/include/example_interfaces/example_interfaces/srv/detail/trigger__type_support.c
-- Installing: /home/fercikmate/ftn/osurv/espROSso/esp32try5/components/micro_ros_espidf_component/micro_ros_src/install/include/example_interfaces/example_interfaces/srv/detail/add_two_ints__functions.c
-- Installing: /home/fercikmate/ftn/osurv/espROSso/esp32try5/components/micro_ros_espidf_component/micro_ros_src/install/include/example_interfaces/example_interfaces/srv/detail/add_two_ints__type_support.c
-- Installing: /home/fercikmate/ftn/osurv/espROSso/esp32try5/components/micro_ros_espidf_component/micro_ros_src/install/include/example_interfaces/example_interfaces/srv/detail/trigger__functions.h
-- Installing: /home/fercikmate/ftn/osurv/espROSso/esp32try5/components/micro_ros_espidf_component/micro_ros_src/install/include/example_interfaces/example_interfaces/srv/detail/set_bool__functions.h
-- Installing: /home/fercikmate/ftn/osurv/espROSso/esp32try5/components/micro_ros_espidf_component/micro_ros_src/install/include/example_interfaces/example_interfaces/srv/detail/set_bool__type_support.h
-- Installing: /home/fercikmate/ftn/osurv/espROSso/esp32try5/components/micro_ros_espidf_component/micro_ros_src/install/include/example_interfaces/example_interfaces/srv/detail/add_two_ints__description.c
-- Installing: /home/fercikmate/ftn/osurv/espROSso/esp32try5/components/micro_ros_espidf_component/micro_ros_src/install/include/example_interfaces/example_interfaces/srv/detail/trigger__functions.c
-- Installing: /home/fercikmate/ftn/osurv/espROSso/esp32try5/components/micro_ros_espidf_component/micro_ros_src/install/include/example_interfaces/example_interfaces/srv/detail/add_two_ints__type_support.h
-- Installing: /home/fercikmate/ftn/osurv/espROSso/esp32try5/components/micro_ros_espidf_component/micro_ros_src/install/include/example_interfaces/example_interfaces/srv/detail/set_bool__functions.c
-- Installing: /home/fercikmate/ftn/osurv/espROSso/esp32try5/components/micro_ros_espidf_component/micro_ros_src/install/include/example_interfaces/example_interfaces/action
-- Installing: /home/fercikmate/ftn/osurv/espROSso/esp32try5/components/micro_ros_espidf_component/micro_ros_src/install/include/example_interfaces/example_interfaces/action/fibonacci.h
-- Installing: /home/fercikmate/ftn/osurv/espROSso/esp32try5/components/micro_ros_espidf_component/micro_ros_src/install/include/example_interfaces/example_interfaces/action/detail
-- Installing: /home/fercikmate/ftn/osurv/espROSso/esp32try5/components/micro_ros_espidf_component/micro_ros_src/install/include/example_interfaces/example_interfaces/action/detail/fibonacci__functions.c
-- Installing: /home/fercikmate/ftn/osurv/espROSso/esp32try5/components/micro_ros_espidf_component/micro_ros_src/install/include/example_interfaces/example_interfaces/action/detail/fibonacci__description.c
-- Installing: /home/fercikmate/ftn/osurv/espROSso/esp32try5/components/micro_ros_espidf_component/micro_ros_src/install/include/example_interfaces/example_interfaces/action/detail/fibonacci__type_support.c
-- Installing: /home/fercikmate/ftn/osurv/espROSso/esp32try5/components/micro_ros_espidf_component/micro_ros_src/install/include/example_interfaces/example_interfaces/action/detail/fibonacci__type_support.h
-- Installing: /home/fercikmate/ftn/osurv/espROSso/esp32try5/components/micro_ros_espidf_component/micro_ros_src/install/include/example_interfaces/example_interfaces/action/detail/fibonacci__struct.h
-- Installing: /home/fercikmate/ftn/osurv/espROSso/esp32try5/components/micro_ros_espidf_component/micro_ros_src/install/include/example_interfaces/example_interfaces/action/detail/fibonacci__functions.h
-- Installing: /home/fercikmate/ftn/osurv/espROSso/esp32try5/components/micro_ros_espidf_component/micro_ros_src/install/share/example_interfaces/environment/library_path.sh
-- Installing: /home/fercikmate/ftn/osurv/espROSso/esp32try5/components/micro_ros_espidf_component/micro_ros_src/install/share/example_interfaces/environment/library_path.dsv
-- Installing: /home/fercikmate/ftn/osurv/espROSso/esp32try5/components/micro_ros_espidf_component/micro_ros_src/install/lib/libexample_interfaces__rosidl_generator_c.a
-- Up-to-date: /home/fercikmate/ftn/osurv/espROSso/esp32try5/components/micro_ros_espidf_component/micro_ros_src/install/include/example_interfaces/example_interfaces
-- Up-to-date: /home/fercikmate/ftn/osurv/espROSso/esp32try5/components/micro_ros_espidf_component/micro_ros_src/install/include/example_interfaces/example_interfaces/msg
-- Up-to-date: /home/fercikmate/ftn/osurv/espROSso/esp32try5/components/micro_ros_espidf_component/micro_ros_src/install/include/example_interfaces/example_interfaces/msg/detail
-- Installing: /home/fercikmate/ftn/osurv/espROSso/esp32try5/components/micro_ros_espidf_component/micro_ros_src/install/include/example_interfaces/example_interfaces/msg/detail/string__rosidl_typesupport_introspection_c.h
-- Installing: /home/fercikmate/ftn/osurv/espROSso/esp32try5/components/micro_ros_espidf_component/micro_ros_src/install/include/example_interfaces/example_interfaces/msg/detail/byte__type_support.c
-- Installing: /home/fercikmate/ftn/osurv/espROSso/esp32try5/components/micro_ros_espidf_component/micro_ros_src/install/include/example_interfaces/example_interfaces/msg/detail/u_int64_multi_array__type_support.c
-- Installing: /home/fercikmate/ftn/osurv/espROSso/esp32try5/components/micro_ros_espidf_component/micro_ros_src/install/include/example_interfaces/example_interfaces/msg/detail/int32__type_support.c
-- Installing: /home/fercikmate/ftn/osurv/espROSso/esp32try5/components/micro_ros_espidf_component/micro_ros_src/install/include/example_interfaces/example_interfaces/msg/detail/int32_multi_array__rosidl_typesupport_introspection_c.h
-- Installing: /home/fercikmate/ftn/osurv/espROSso/esp32try5/components/micro_ros_espidf_component/micro_ros_src/install/include/example_interfaces/example_interfaces/msg/detail/u_int16__rosidl_typesupport_introspection_c.h
-- Installing: /home/fercikmate/ftn/osurv/espROSso/esp32try5/components/micro_ros_espidf_component/micro_ros_src/install/include/example_interfaces/example_interfaces/msg/detail/byte_multi_array__rosidl_typesupport_introspection_c.h
-- Installing: /home/fercikmate/ftn/osurv/espROSso/esp32try5/components/micro_ros_espidf_component/micro_ros_src/install/include/example_interfaces/example_interfaces/msg/detail/char__type_support.c
-- Installing: /home/fercikmate/ftn/osurv/espROSso/esp32try5/components/micro_ros_espidf_component/micro_ros_src/install/include/example_interfaces/example_interfaces/msg/detail/u_int16_multi_array__rosidl_typesupport_introspection_c.h
-- Installing: /home/fercikmate/ftn/osurv/espROSso/esp32try5/components/micro_ros_espidf_component/micro_ros_src/install/include/example_interfaces/example_interfaces/msg/detail/u_int8_multi_array__type_support.c
-- Installing: /home/fercikmate/ftn/osurv/espROSso/esp32try5/components/micro_ros_espidf_component/micro_ros_src/install/include/example_interfaces/example_interfaces/msg/detail/byte_multi_array__type_support.c
-- Installing: /home/fercikmate/ftn/osurv/espROSso/esp32try5/components/micro_ros_espidf_component/micro_ros_src/install/include/example_interfaces/example_interfaces/msg/detail/empty__type_support.c
-- Installing: /home/fercikmate/ftn/osurv/espROSso/esp32try5/components/micro_ros_espidf_component/micro_ros_src/install/include/example_interfaces/example_interfaces/msg/detail/int16__rosidl_typesupport_introspection_c.h
-- Installing: /home/fercikmate/ftn/osurv/espROSso/esp32try5/components/micro_ros_espidf_component/micro_ros_src/install/include/example_interfaces/example_interfaces/msg/detail/string__type_support.c
-- Installing: /home/fercikmate/ftn/osurv/espROSso/esp32try5/components/micro_ros_espidf_component/micro_ros_src/install/include/example_interfaces/example_interfaces/msg/detail/int64_multi_array__type_support.c
-- Installing: /home/fercikmate/ftn/osurv/espROSso/esp32try5/components/micro_ros_espidf_component/micro_ros_src/install/include/example_interfaces/example_interfaces/msg/detail/w_string__rosidl_typesupport_introspection_c.h
-- Installing: /home/fercikmate/ftn/osurv/espROSso/esp32try5/components/micro_ros_espidf_component/micro_ros_src/install/include/example_interfaces/example_interfaces/msg/detail/int8_multi_array__type_support.c
-- Installing: /home/fercikmate/ftn/osurv/espROSso/esp32try5/components/micro_ros_espidf_component/micro_ros_src/install/include/example_interfaces/example_interfaces/msg/detail/int16_multi_array__rosidl_typesupport_introspection_c.h
-- Installing: /home/fercikmate/ftn/osurv/espROSso/esp32try5/components/micro_ros_espidf_component/micro_ros_src/install/include/example_interfaces/example_interfaces/msg/detail/float64__type_support.c
-- Installing: /home/fercikmate/ftn/osurv/espROSso/esp32try5/components/micro_ros_espidf_component/micro_ros_src/install/include/example_interfaces/example_interfaces/msg/detail/int64__type_support.c
-- Installing: /home/fercikmate/ftn/osurv/espROSso/esp32try5/components/micro_ros_espidf_component/micro_ros_src/install/include/example_interfaces/example_interfaces/msg/detail/u_int16__type_support.c
-- Installing: /home/fercikmate/ftn/osurv/espROSso/esp32try5/components/micro_ros_espidf_component/micro_ros_src/install/include/example_interfaces/example_interfaces/msg/detail/empty__rosidl_typesupport_introspection_c.h
-- Installing: /home/fercikmate/ftn/osurv/espROSso/esp32try5/components/micro_ros_espidf_component/micro_ros_src/install/include/example_interfaces/example_interfaces/msg/detail/int16_multi_array__type_support.c
-- Installing: /home/fercikmate/ftn/osurv/espROSso/esp32try5/components/micro_ros_espidf_component/micro_ros_src/install/include/example_interfaces/example_interfaces/msg/detail/u_int64__rosidl_typesupport_introspection_c.h
-- Installing: /home/fercikmate/ftn/osurv/espROSso/esp32try5/components/micro_ros_espidf_component/micro_ros_src/install/include/example_interfaces/example_interfaces/msg/detail/float32__type_support.c
-- Installing: /home/fercikmate/ftn/osurv/espROSso/esp32try5/components/micro_ros_espidf_component/micro_ros_src/install/include/example_interfaces/example_interfaces/msg/detail/multi_array_layout__rosidl_typesupport_introspection_c.h
-- Installing: /home/fercikmate/ftn/osurv/espROSso/esp32try5/components/micro_ros_espidf_component/micro_ros_src/install/include/example_interfaces/example_interfaces/msg/detail/u_int8__rosidl_typesupport_introspection_c.h
-- Installing: /home/fercikmate/ftn/osurv/espROSso/esp32try5/components/micro_ros_espidf_component/micro_ros_src/install/include/example_interfaces/example_interfaces/msg/detail/float32__rosidl_typesupport_introspection_c.h
-- Installing: /home/fercikmate/ftn/osurv/espROSso/esp32try5/components/micro_ros_espidf_component/micro_ros_src/install/include/example_interfaces/example_interfaces/msg/detail/u_int16_multi_array__type_support.c
-- Installing: /home/fercikmate/ftn/osurv/espROSso/esp32try5/components/micro_ros_espidf_component/micro_ros_src/install/include/example_interfaces/example_interfaces/msg/detail/float32_multi_array__type_support.c
-- Installing: /home/fercikmate/ftn/osurv/espROSso/esp32try5/components/micro_ros_espidf_component/micro_ros_src/install/include/example_interfaces/example_interfaces/msg/detail/int8__rosidl_typesupport_introspection_c.h
-- Installing: /home/fercikmate/ftn/osurv/espROSso/esp32try5/components/micro_ros_espidf_component/micro_ros_src/install/include/example_interfaces/example_interfaces/msg/detail/int8_multi_array__rosidl_typesupport_introspection_c.h
-- Installing: /home/fercikmate/ftn/osurv/espROSso/esp32try5/components/micro_ros_espidf_component/micro_ros_src/install/include/example_interfaces/example_interfaces/msg/detail/float64_multi_array__type_support.c
-- Installing: /home/fercikmate/ftn/osurv/espROSso/esp32try5/components/micro_ros_espidf_component/micro_ros_src/install/include/example_interfaces/example_interfaces/msg/detail/int8__type_support.c
-- Installing: /home/fercikmate/ftn/osurv/espROSso/esp32try5/components/micro_ros_espidf_component/micro_ros_src/install/include/example_interfaces/example_interfaces/msg/detail/multi_array_layout__type_support.c
-- Installing: /home/fercikmate/ftn/osurv/espROSso/esp32try5/components/micro_ros_espidf_component/micro_ros_src/install/include/example_interfaces/example_interfaces/msg/detail/multi_array_dimension__rosidl_typesupport_introspection_c.h
-- Installing: /home/fercikmate/ftn/osurv/espROSso/esp32try5/components/micro_ros_espidf_component/micro_ros_src/install/include/example_interfaces/example_interfaces/msg/detail/u_int64__type_support.c
-- Installing: /home/fercikmate/ftn/osurv/espROSso/esp32try5/components/micro_ros_espidf_component/micro_ros_src/install/include/example_interfaces/example_interfaces/msg/detail/bool__rosidl_typesupport_introspection_c.h
-- Installing: /home/fercikmate/ftn/osurv/espROSso/esp32try5/components/micro_ros_espidf_component/micro_ros_src/install/include/example_interfaces/example_interfaces/msg/detail/u_int32_multi_array__rosidl_typesupport_introspection_c.h
-- Installing: /home/fercikmate/ftn/osurv/espROSso/esp32try5/components/micro_ros_espidf_component/micro_ros_src/install/include/example_interfaces/example_interfaces/msg/detail/u_int8__type_support.c
-- Installing: /home/fercikmate/ftn/osurv/espROSso/esp32try5/components/micro_ros_espidf_component/micro_ros_src/install/include/example_interfaces/example_interfaces/msg/detail/int64__rosidl_typesupport_introspection_c.h
-- Installing: /home/fercikmate/ftn/osurv/espROSso/esp32try5/components/micro_ros_espidf_component/micro_ros_src/install/include/example_interfaces/example_interfaces/msg/detail/float64_multi_array__rosidl_typesupport_introspection_c.h
-- Installing: /home/fercikmate/ftn/osurv/espROSso/esp32try5/components/micro_ros_espidf_component/micro_ros_src/install/include/example_interfaces/example_interfaces/msg/detail/u_int32_multi_array__type_support.c
-- Installing: /home/fercikmate/ftn/osurv/espROSso/esp32try5/components/micro_ros_espidf_component/micro_ros_src/install/include/example_interfaces/example_interfaces/msg/detail/float32_multi_array__rosidl_typesupport_introspection_c.h
-- Installing: /home/fercikmate/ftn/osurv/espROSso/esp32try5/components/micro_ros_espidf_component/micro_ros_src/install/include/example_interfaces/example_interfaces/msg/detail/u_int32__rosidl_typesupport_introspection_c.h
-- Installing: /home/fercikmate/ftn/osurv/espROSso/esp32try5/components/micro_ros_espidf_component/micro_ros_src/install/include/example_interfaces/example_interfaces/msg/detail/u_int32__type_support.c
-- Installing: /home/fercikmate/ftn/osurv/espROSso/esp32try5/components/micro_ros_espidf_component/micro_ros_src/install/include/example_interfaces/example_interfaces/msg/detail/bool__type_support.c
-- Installing: /home/fercikmate/ftn/osurv/espROSso/esp32try5/components/micro_ros_espidf_component/micro_ros_src/install/include/example_interfaces/example_interfaces/msg/detail/u_int64_multi_array__rosidl_typesupport_introspection_c.h
-- Installing: /home/fercikmate/ftn/osurv/espROSso/esp32try5/components/micro_ros_espidf_component/micro_ros_src/install/include/example_interfaces/example_interfaces/msg/detail/int32__rosidl_typesupport_introspection_c.h
-- Installing: /home/fercikmate/ftn/osurv/espROSso/esp32try5/components/micro_ros_espidf_component/micro_ros_src/install/include/example_interfaces/example_interfaces/msg/detail/int32_multi_array__type_support.c
-- Installing: /home/fercikmate/ftn/osurv/espROSso/esp32try5/components/micro_ros_espidf_component/micro_ros_src/install/include/example_interfaces/example_interfaces/msg/detail/byte__rosidl_typesupport_introspection_c.h
-- Installing: /home/fercikmate/ftn/osurv/espROSso/esp32try5/components/micro_ros_espidf_component/micro_ros_src/install/include/example_interfaces/example_interfaces/msg/detail/u_int8_multi_array__rosidl_typesupport_introspection_c.h
-- Installing: /home/fercikmate/ftn/osurv/espROSso/esp32try5/components/micro_ros_espidf_component/micro_ros_src/install/include/example_interfaces/example_interfaces/msg/detail/w_string__type_support.c
-- Installing: /home/fercikmate/ftn/osurv/espROSso/esp32try5/components/micro_ros_espidf_component/micro_ros_src/install/include/example_interfaces/example_interfaces/msg/detail/char__rosidl_typesupport_introspection_c.h
-- Installing: /home/fercikmate/ftn/osurv/espROSso/esp32try5/components/micro_ros_espidf_component/micro_ros_src/install/include/example_interfaces/example_interfaces/msg/detail/multi_array_dimension__type_support.c
-- Installing: /home/fercikmate/ftn/osurv/espROSso/esp32try5/components/micro_ros_espidf_component/micro_ros_src/install/include/example_interfaces/example_interfaces/msg/detail/int16__type_support.c
-- Installing: /home/fercikmate/ftn/osurv/espROSso/esp32try5/components/micro_ros_espidf_component/micro_ros_src/install/include/example_interfaces/example_interfaces/msg/detail/float64__rosidl_typesupport_introspection_c.h
-- Installing: /home/fercikmate/ftn/osurv/espROSso/esp32try5/components/micro_ros_espidf_component/micro_ros_src/install/include/example_interfaces/example_interfaces/msg/detail/int64_multi_array__rosidl_typesupport_introspection_c.h
-- Installing: /home/fercikmate/ftn/osurv/espROSso/esp32try5/components/micro_ros_espidf_component/micro_ros_src/install/include/example_interfaces/example_interfaces/msg/rosidl_typesupport_introspection_c__visibility_control.h
-- Up-to-date: /home/fercikmate/ftn/osurv/espROSso/esp32try5/components/micro_ros_espidf_component/micro_ros_src/install/include/example_interfaces/example_interfaces/srv
-- Up-to-date: /home/fercikmate/ftn/osurv/espROSso/esp32try5/components/micro_ros_espidf_component/micro_ros_src/install/include/example_interfaces/example_interfaces/srv/detail
-- Installing: /home/fercikmate/ftn/osurv/espROSso/esp32try5/components/micro_ros_espidf_component/micro_ros_src/install/include/example_interfaces/example_interfaces/srv/detail/set_bool__type_support.c
-- Installing: /home/fercikmate/ftn/osurv/espROSso/esp32try5/components/micro_ros_espidf_component/micro_ros_src/install/include/example_interfaces/example_interfaces/srv/detail/add_two_ints__rosidl_typesupport_introspection_c.h
-- Installing: /home/fercikmate/ftn/osurv/espROSso/esp32try5/components/micro_ros_espidf_component/micro_ros_src/install/include/example_interfaces/example_interfaces/srv/detail/trigger__rosidl_typesupport_introspection_c.h
-- Installing: /home/fercikmate/ftn/osurv/espROSso/esp32try5/components/micro_ros_espidf_component/micro_ros_src/install/include/example_interfaces/example_interfaces/srv/detail/trigger__type_support.c
-- Installing: /home/fercikmate/ftn/osurv/espROSso/esp32try5/components/micro_ros_espidf_component/micro_ros_src/install/include/example_interfaces/example_interfaces/srv/detail/add_two_ints__type_support.c
-- Installing: /home/fercikmate/ftn/osurv/espROSso/esp32try5/components/micro_ros_espidf_component/micro_ros_src/install/include/example_interfaces/example_interfaces/srv/detail/set_bool__rosidl_typesupport_introspection_c.h
-- Up-to-date: /home/fercikmate/ftn/osurv/espROSso/esp32try5/components/micro_ros_espidf_component/micro_ros_src/install/include/example_interfaces/example_interfaces/action
-- Up-to-date: /home/fercikmate/ftn/osurv/espROSso/esp32try5/components/micro_ros_espidf_component/micro_ros_src/install/include/example_interfaces/example_interfaces/action/detail
-- Installing: /home/fercikmate/ftn/osurv/espROSso/esp32try5/components/micro_ros_espidf_component/micro_ros_src/install/include/example_interfaces/example_interfaces/action/detail/fibonacci__rosidl_typesupport_introspection_c.h
-- Installing: /home/fercikmate/ftn/osurv/espROSso/esp32try5/components/micro_ros_espidf_component/micro_ros_src/install/include/example_interfaces/example_interfaces/action/detail/fibonacci__type_support.c
-- Installing: /home/fercikmate/ftn/osurv/espROSso/esp32try5/components/micro_ros_espidf_component/micro_ros_src/install/lib/libexample_interfaces__rosidl_typesupport_introspection_c.a
-- Up-to-date: /home/fercikmate/ftn/osurv/espROSso/esp32try5/components/micro_ros_espidf_component/micro_ros_src/install/include/example_interfaces
-- Installing: /home/fercikmate/ftn/osurv/espROSso/esp32try5/components/micro_ros_espidf_component/micro_ros_src/install/include/example_interfaces/msg
-- Installing: /home/fercikmate/ftn/osurv/espROSso/esp32try5/components/micro_ros_espidf_component/micro_ros_src/install/include/example_interfaces/msg/rosidl_typesupport_microxrcedds_c__visibility_control.h
-- Installing: /home/fercikmate/ftn/osurv/espROSso/esp32try5/components/micro_ros_espidf_component/micro_ros_src/install/include/example_interfaces/msg/detail
-- Installing: /home/fercikmate/ftn/osurv/espROSso/esp32try5/components/micro_ros_espidf_component/micro_ros_src/install/include/example_interfaces/msg/detail/empty__rosidl_typesupport_microxrcedds_c.h
-- Installing: /home/fercikmate/ftn/osurv/espROSso/esp32try5/components/micro_ros_espidf_component/micro_ros_src/install/include/example_interfaces/msg/detail/bool__rosidl_typesupport_microxrcedds_c.h
-- Installing: /home/fercikmate/ftn/osurv/espROSso/esp32try5/components/micro_ros_espidf_component/micro_ros_src/install/include/example_interfaces/msg/detail/byte__rosidl_typesupport_microxrcedds_c.h
-- Installing: /home/fercikmate/ftn/osurv/espROSso/esp32try5/components/micro_ros_espidf_component/micro_ros_src/install/include/example_interfaces/msg/detail/u_int16__rosidl_typesupport_microxrcedds_c.h
-- Installing: /home/fercikmate/ftn/osurv/espROSso/esp32try5/components/micro_ros_espidf_component/micro_ros_src/install/include/example_interfaces/msg/detail/byte_multi_array__rosidl_typesupport_microxrcedds_c.h
-- Installing: /home/fercikmate/ftn/osurv/espROSso/esp32try5/components/micro_ros_espidf_component/micro_ros_src/install/include/example_interfaces/msg/detail/float64__rosidl_typesupport_microxrcedds_c.h
-- Installing: /home/fercikmate/ftn/osurv/espROSso/esp32try5/components/micro_ros_espidf_component/micro_ros_src/install/include/example_interfaces/msg/detail/string__rosidl_typesupport_microxrcedds_c.h
-- Installing: /home/fercikmate/ftn/osurv/espROSso/esp32try5/components/micro_ros_espidf_component/micro_ros_src/install/include/example_interfaces/msg/detail/float32_multi_array__rosidl_typesupport_microxrcedds_c.h
-- Installing: /home/fercikmate/ftn/osurv/espROSso/esp32try5/components/micro_ros_espidf_component/micro_ros_src/install/include/example_interfaces/msg/detail/float64_multi_array__rosidl_typesupport_microxrcedds_c.h
-- Installing: /home/fercikmate/ftn/osurv/espROSso/esp32try5/components/micro_ros_espidf_component/micro_ros_src/install/include/example_interfaces/msg/detail/float32__rosidl_typesupport_microxrcedds_c.h
-- Installing: /home/fercikmate/ftn/osurv/espROSso/esp32try5/components/micro_ros_espidf_component/micro_ros_src/install/include/example_interfaces/msg/detail/w_string__rosidl_typesupport_microxrcedds_c.h
-- Installing: /home/fercikmate/ftn/osurv/espROSso/esp32try5/components/micro_ros_espidf_component/micro_ros_src/install/include/example_interfaces/msg/detail/int32__rosidl_typesupport_microxrcedds_c.h
-- Installing: /home/fercikmate/ftn/osurv/espROSso/esp32try5/components/micro_ros_espidf_component/micro_ros_src/install/include/example_interfaces/msg/detail/int16_multi_array__rosidl_typesupport_microxrcedds_c.h
-- Installing: /home/fercikmate/ftn/osurv/espROSso/esp32try5/components/micro_ros_espidf_component/micro_ros_src/install/include/example_interfaces/msg/detail/int64_multi_array__rosidl_typesupport_microxrcedds_c.h
-- Installing: /home/fercikmate/ftn/osurv/espROSso/esp32try5/components/micro_ros_espidf_component/micro_ros_src/install/include/example_interfaces/msg/detail/int32_multi_array__rosidl_typesupport_microxrcedds_c.h
-- Installing: /home/fercikmate/ftn/osurv/espROSso/esp32try5/components/micro_ros_espidf_component/micro_ros_src/install/include/example_interfaces/msg/detail/char__rosidl_typesupport_microxrcedds_c.h
-- Installing: /home/fercikmate/ftn/osurv/espROSso/esp32try5/components/micro_ros_espidf_component/micro_ros_src/install/include/example_interfaces/msg/detail/multi_array_layout__rosidl_typesupport_microxrcedds_c.h
-- Installing: /home/fercikmate/ftn/osurv/espROSso/esp32try5/components/micro_ros_espidf_component/micro_ros_src/install/include/example_interfaces/msg/detail/u_int32__rosidl_typesupport_microxrcedds_c.h
-- Installing: /home/fercikmate/ftn/osurv/espROSso/esp32try5/components/micro_ros_espidf_component/micro_ros_src/install/include/example_interfaces/msg/detail/u_int8__rosidl_typesupport_microxrcedds_c.h
-- Installing: /home/fercikmate/ftn/osurv/espROSso/esp32try5/components/micro_ros_espidf_component/micro_ros_src/install/include/example_interfaces/msg/detail/microxrcedds
-- Installing: /home/fercikmate/ftn/osurv/espROSso/esp32try5/components/micro_ros_espidf_component/micro_ros_src/install/include/example_interfaces/msg/detail/u_int16_multi_array__rosidl_typesupport_microxrcedds_c.h
-- Installing: /home/fercikmate/ftn/osurv/espROSso/esp32try5/components/micro_ros_espidf_component/micro_ros_src/install/include/example_interfaces/msg/detail/int8__rosidl_typesupport_microxrcedds_c.h
-- Installing: /home/fercikmate/ftn/osurv/espROSso/esp32try5/components/micro_ros_espidf_component/micro_ros_src/install/include/example_interfaces/msg/detail/int8_multi_array__rosidl_typesupport_microxrcedds_c.h
-- Installing: /home/fercikmate/ftn/osurv/espROSso/esp32try5/components/micro_ros_espidf_component/micro_ros_src/install/include/example_interfaces/msg/detail/int64__rosidl_typesupport_microxrcedds_c.h
-- Installing: /home/fercikmate/ftn/osurv/espROSso/esp32try5/components/micro_ros_espidf_component/micro_ros_src/install/include/example_interfaces/msg/detail/multi_array_dimension__rosidl_typesupport_microxrcedds_c.h
-- Installing: /home/fercikmate/ftn/osurv/espROSso/esp32try5/components/micro_ros_espidf_component/micro_ros_src/install/include/example_interfaces/msg/detail/u_int64_multi_array__rosidl_typesupport_microxrcedds_c.h
-- Installing: /home/fercikmate/ftn/osurv/espROSso/esp32try5/components/micro_ros_espidf_component/micro_ros_src/install/include/example_interfaces/msg/detail/u_int8_multi_array__rosidl_typesupport_microxrcedds_c.h
-- Installing: /home/fercikmate/ftn/osurv/espROSso/esp32try5/components/micro_ros_espidf_component/micro_ros_src/install/include/example_interfaces/msg/detail/u_int32_multi_array__rosidl_typesupport_microxrcedds_c.h
-- Installing: /home/fercikmate/ftn/osurv/espROSso/esp32try5/components/micro_ros_espidf_component/micro_ros_src/install/include/example_interfaces/msg/detail/int16__rosidl_typesupport_microxrcedds_c.h
-- Installing: /home/fercikmate/ftn/osurv/espROSso/esp32try5/components/micro_ros_espidf_component/micro_ros_src/install/include/example_interfaces/msg/detail/u_int64__rosidl_typesupport_microxrcedds_c.h
-- Installing: /home/fercikmate/ftn/osurv/espROSso/esp32try5/components/micro_ros_espidf_component/micro_ros_src/install/include/example_interfaces/srv
-- Installing: /home/fercikmate/ftn/osurv/espROSso/esp32try5/components/micro_ros_espidf_component/micro_ros_src/install/include/example_interfaces/srv/detail
-- Installing: /home/fercikmate/ftn/osurv/espROSso/esp32try5/components/micro_ros_espidf_component/micro_ros_src/install/include/example_interfaces/srv/detail/set_bool__rosidl_typesupport_microxrcedds_c.h
-- Installing: /home/fercikmate/ftn/osurv/espROSso/esp32try5/components/micro_ros_espidf_component/micro_ros_src/install/include/example_interfaces/srv/detail/trigger__rosidl_typesupport_microxrcedds_c.h
-- Installing: /home/fercikmate/ftn/osurv/espROSso/esp32try5/components/micro_ros_espidf_component/micro_ros_src/install/include/example_interfaces/srv/detail/microxrcedds
-- Installing: /home/fercikmate/ftn/osurv/espROSso/esp32try5/components/micro_ros_espidf_component/micro_ros_src/install/include/example_interfaces/srv/detail/add_two_ints__rosidl_typesupport_microxrcedds_c.h
-- Installing: /home/fercikmate/ftn/osurv/espROSso/esp32try5/components/micro_ros_espidf_component/micro_ros_src/install/include/example_interfaces/action
-- Installing: /home/fercikmate/ftn/osurv/espROSso/esp32try5/components/micro_ros_espidf_component/micro_ros_src/install/include/example_interfaces/action/detail
-- Installing: /home/fercikmate/ftn/osurv/espROSso/esp32try5/components/micro_ros_espidf_component/micro_ros_src/install/include/example_interfaces/action/detail/fibonacci__rosidl_typesupport_microxrcedds_c.h
-- Installing: /home/fercikmate/ftn/osurv/espROSso/esp32try5/components/micro_ros_espidf_component/micro_ros_src/install/include/example_interfaces/action/detail/microxrcedds
-- Installing: /home/fercikmate/ftn/osurv/espROSso/esp32try5/components/micro_ros_espidf_component/micro_ros_src/install/lib/libexample_interfaces__rosidl_typesupport_microxrcedds_c.a
-- Installing: /home/fercikmate/ftn/osurv/espROSso/esp32try5/components/micro_ros_espidf_component/micro_ros_src/install/lib/libexample_interfaces__rosidl_typesupport_c.a
-- Installing: /home/fercikmate/ftn/osurv/espROSso/esp32try5/components/micro_ros_espidf_component/micro_ros_src/install/share/example_interfaces/action/Fibonacci.idl
-- Installing: /home/fercikmate/ftn/osurv/espROSso/esp32try5/components/micro_ros_espidf_component/micro_ros_src/install/share/example_interfaces/msg/Bool.idl
-- Installing: /home/fercikmate/ftn/osurv/espROSso/esp32try5/components/micro_ros_espidf_component/micro_ros_src/install/share/example_interfaces/msg/Byte.idl
-- Installing: /home/fercikmate/ftn/osurv/espROSso/esp32try5/components/micro_ros_espidf_component/micro_ros_src/install/share/example_interfaces/msg/ByteMultiArray.idl
-- Installing: /home/fercikmate/ftn/osurv/espROSso/esp32try5/components/micro_ros_espidf_component/micro_ros_src/install/share/example_interfaces/msg/Char.idl
-- Installing: /home/fercikmate/ftn/osurv/espROSso/esp32try5/components/micro_ros_espidf_component/micro_ros_src/install/share/example_interfaces/msg/Empty.idl
-- Installing: /home/fercikmate/ftn/osurv/espROSso/esp32try5/components/micro_ros_espidf_component/micro_ros_src/install/share/example_interfaces/msg/Float32.idl
-- Installing: /home/fercikmate/ftn/osurv/espROSso/esp32try5/components/micro_ros_espidf_component/micro_ros_src/install/share/example_interfaces/msg/Float32MultiArray.idl
-- Installing: /home/fercikmate/ftn/osurv/espROSso/esp32try5/components/micro_ros_espidf_component/micro_ros_src/install/share/example_interfaces/msg/Float64.idl
-- Installing: /home/fercikmate/ftn/osurv/espROSso/esp32try5/components/micro_ros_espidf_component/micro_ros_src/install/share/example_interfaces/msg/Float64MultiArray.idl
-- Installing: /home/fercikmate/ftn/osurv/espROSso/esp32try5/components/micro_ros_espidf_component/micro_ros_src/install/share/example_interfaces/msg/Int16.idl
-- Installing: /home/fercikmate/ftn/osurv/espROSso/esp32try5/components/micro_ros_espidf_component/micro_ros_src/install/share/example_interfaces/msg/Int16MultiArray.idl
-- Installing: /home/fercikmate/ftn/osurv/espROSso/esp32try5/components/micro_ros_espidf_component/micro_ros_src/install/share/example_interfaces/msg/Int32.idl
-- Installing: /home/fercikmate/ftn/osurv/espROSso/esp32try5/components/micro_ros_espidf_component/micro_ros_src/install/share/example_interfaces/msg/Int32MultiArray.idl
-- Installing: /home/fercikmate/ftn/osurv/espROSso/esp32try5/components/micro_ros_espidf_component/micro_ros_src/install/share/example_interfaces/msg/Int64.idl
-- Installing: /home/fercikmate/ftn/osurv/espROSso/esp32try5/components/micro_ros_espidf_component/micro_ros_src/install/share/example_interfaces/msg/Int64MultiArray.idl
-- Installing: /home/fercikmate/ftn/osurv/espROSso/esp32try5/components/micro_ros_espidf_component/micro_ros_src/install/share/example_interfaces/msg/Int8.idl
-- Installing: /home/fercikmate/ftn/osurv/espROSso/esp32try5/components/micro_ros_espidf_component/micro_ros_src/install/share/example_interfaces/msg/Int8MultiArray.idl
-- Installing: /home/fercikmate/ftn/osurv/espROSso/esp32try5/components/micro_ros_espidf_component/micro_ros_src/install/share/example_interfaces/msg/MultiArrayDimension.idl
-- Installing: /home/fercikmate/ftn/osurv/espROSso/esp32try5/components/micro_ros_espidf_component/micro_ros_src/install/share/example_interfaces/msg/MultiArrayLayout.idl
-- Installing: /home/fercikmate/ftn/osurv/espROSso/esp32try5/components/micro_ros_espidf_component/micro_ros_src/install/share/example_interfaces/msg/String.idl
-- Installing: /home/fercikmate/ftn/osurv/espROSso/esp32try5/components/micro_ros_espidf_component/micro_ros_src/install/share/example_interfaces/msg/UInt16.idl
-- Installing: /home/fercikmate/ftn/osurv/espROSso/esp32try5/components/micro_ros_espidf_component/micro_ros_src/install/share/example_interfaces/msg/UInt16MultiArray.idl
-- Installing: /home/fercikmate/ftn/osurv/espROSso/esp32try5/components/micro_ros_espidf_component/micro_ros_src/install/share/example_interfaces/msg/UInt32.idl
-- Installing: /home/fercikmate/ftn/osurv/espROSso/esp32try5/components/micro_ros_espidf_component/micro_ros_src/install/share/example_interfaces/msg/UInt32MultiArray.idl
-- Installing: /home/fercikmate/ftn/osurv/espROSso/esp32try5/components/micro_ros_espidf_component/micro_ros_src/install/share/example_interfaces/msg/UInt64.idl
-- Installing: /home/fercikmate/ftn/osurv/espROSso/esp32try5/components/micro_ros_espidf_component/micro_ros_src/install/share/example_interfaces/msg/UInt64MultiArray.idl
-- Installing: /home/fercikmate/ftn/osurv/espROSso/esp32try5/components/micro_ros_espidf_component/micro_ros_src/install/share/example_interfaces/msg/UInt8.idl
-- Installing: /home/fercikmate/ftn/osurv/espROSso/esp32try5/components/micro_ros_espidf_component/micro_ros_src/install/share/example_interfaces/msg/UInt8MultiArray.idl
-- Installing: /home/fercikmate/ftn/osurv/espROSso/esp32try5/components/micro_ros_espidf_component/micro_ros_src/install/share/example_interfaces/msg/WString.idl
-- Installing: /home/fercikmate/ftn/osurv/espROSso/esp32try5/components/micro_ros_espidf_component/micro_ros_src/install/share/example_interfaces/srv/AddTwoInts.idl
-- Installing: /home/fercikmate/ftn/osurv/espROSso/esp32try5/components/micro_ros_espidf_component/micro_ros_src/install/share/example_interfaces/srv/SetBool.idl
-- Installing: /home/fercikmate/ftn/osurv/espROSso/esp32try5/components/micro_ros_espidf_component/micro_ros_src/install/share/example_interfaces/srv/Trigger.idl
-- Installing: /home/fercikmate/ftn/osurv/espROSso/esp32try5/components/micro_ros_espidf_component/micro_ros_src/install/share/example_interfaces/action/Fibonacci.action
-- Installing: /home/fercikmate/ftn/osurv/espROSso/esp32try5/components/micro_ros_espidf_component/micro_ros_src/install/share/example_interfaces/msg/Bool.msg
-- Installing: /home/fercikmate/ftn/osurv/espROSso/esp32try5/components/micro_ros_espidf_component/micro_ros_src/install/share/example_interfaces/msg/Byte.msg
-- Installing: /home/fercikmate/ftn/osurv/espROSso/esp32try5/components/micro_ros_espidf_component/micro_ros_src/install/share/example_interfaces/msg/ByteMultiArray.msg
-- Installing: /home/fercikmate/ftn/osurv/espROSso/esp32try5/components/micro_ros_espidf_component/micro_ros_src/install/share/example_interfaces/msg/Char.msg
-- Installing: /home/fercikmate/ftn/osurv/espROSso/esp32try5/components/micro_ros_espidf_component/micro_ros_src/install/share/example_interfaces/msg/Empty.msg
-- Installing: /home/fercikmate/ftn/osurv/espROSso/esp32try5/components/micro_ros_espidf_component/micro_ros_src/install/share/example_interfaces/msg/Float32.msg
-- Installing: /home/fercikmate/ftn/osurv/espROSso/esp32try5/components/micro_ros_espidf_component/micro_ros_src/install/share/example_interfaces/msg/Float32MultiArray.msg
-- Installing: /home/fercikmate/ftn/osurv/espROSso/esp32try5/components/micro_ros_espidf_component/micro_ros_src/install/share/example_interfaces/msg/Float64.msg
-- Installing: /home/fercikmate/ftn/osurv/espROSso/esp32try5/components/micro_ros_espidf_component/micro_ros_src/install/share/example_interfaces/msg/Float64MultiArray.msg
-- Installing: /home/fercikmate/ftn/osurv/espROSso/esp32try5/components/micro_ros_espidf_component/micro_ros_src/install/share/example_interfaces/msg/Int16.msg
-- Installing: /home/fercikmate/ftn/osurv/espROSso/esp32try5/components/micro_ros_espidf_component/micro_ros_src/install/share/example_interfaces/msg/Int16MultiArray.msg
-- Installing: /home/fercikmate/ftn/osurv/espROSso/esp32try5/components/micro_ros_espidf_component/micro_ros_src/install/share/example_interfaces/msg/Int32.msg
-- Installing: /home/fercikmate/ftn/osurv/espROSso/esp32try5/components/micro_ros_espidf_component/micro_ros_src/install/share/example_interfaces/msg/Int32MultiArray.msg
-- Installing: /home/fercikmate/ftn/osurv/espROSso/esp32try5/components/micro_ros_espidf_component/micro_ros_src/install/share/example_interfaces/msg/Int64.msg
-- Installing: /home/fercikmate/ftn/osurv/espROSso/esp32try5/components/micro_ros_espidf_component/micro_ros_src/install/share/example_interfaces/msg/Int64MultiArray.msg
-- Installing: /home/fercikmate/ftn/osurv/espROSso/esp32try5/components/micro_ros_espidf_component/micro_ros_src/install/share/example_interfaces/msg/Int8.msg
-- Installing: /home/fercikmate/ftn/osurv/espROSso/esp32try5/components/micro_ros_espidf_component/micro_ros_src/install/share/example_interfaces/msg/Int8MultiArray.msg
-- Installing: /home/fercikmate/ftn/osurv/espROSso/esp32try5/components/micro_ros_espidf_component/micro_ros_src/install/share/example_interfaces/msg/MultiArrayDimension.msg
-- Installing: /home/fercikmate/ftn/osurv/espROSso/esp32try5/components/micro_ros_espidf_component/micro_ros_src/install/share/example_interfaces/msg/MultiArrayLayout.msg
-- Installing: /home/fercikmate/ftn/osurv/espROSso/esp32try5/components/micro_ros_espidf_component/micro_ros_src/install/share/example_interfaces/msg/String.msg
-- Installing: /home/fercikmate/ftn/osurv/espROSso/esp32try5/components/micro_ros_espidf_component/micro_ros_src/install/share/example_interfaces/msg/UInt16.msg
-- Installing: /home/fercikmate/ftn/osurv/espROSso/esp32try5/components/micro_ros_espidf_component/micro_ros_src/install/share/example_interfaces/msg/UInt16MultiArray.msg
-- Installing: /home/fercikmate/ftn/osurv/espROSso/esp32try5/components/micro_ros_espidf_component/micro_ros_src/install/share/example_interfaces/msg/UInt32.msg
-- Installing: /home/fercikmate/ftn/osurv/espROSso/esp32try5/components/micro_ros_espidf_component/micro_ros_src/install/share/example_interfaces/msg/UInt32MultiArray.msg
-- Installing: /home/fercikmate/ftn/osurv/espROSso/esp32try5/components/micro_ros_espidf_component/micro_ros_src/install/share/example_interfaces/msg/UInt64.msg
-- Installing: /home/fercikmate/ftn/osurv/espROSso/esp32try5/components/micro_ros_espidf_component/micro_ros_src/install/share/example_interfaces/msg/UInt64MultiArray.msg
-- Installing: /home/fercikmate/ftn/osurv/espROSso/esp32try5/components/micro_ros_espidf_component/micro_ros_src/install/share/example_interfaces/msg/UInt8.msg
-- Installing: /home/fercikmate/ftn/osurv/espROSso/esp32try5/components/micro_ros_espidf_component/micro_ros_src/install/share/example_interfaces/msg/UInt8MultiArray.msg
-- Installing: /home/fercikmate/ftn/osurv/espROSso/esp32try5/components/micro_ros_espidf_component/micro_ros_src/install/share/example_interfaces/msg/WString.msg
-- Installing: /home/fercikmate/ftn/osurv/espROSso/esp32try5/components/micro_ros_espidf_component/micro_ros_src/install/share/example_interfaces/srv/AddTwoInts.srv
-- Installing: /home/fercikmate/ftn/osurv/espROSso/esp32try5/components/micro_ros_espidf_component/micro_ros_src/install/share/example_interfaces/srv/SetBool.srv
-- Installing: /home/fercikmate/ftn/osurv/espROSso/esp32try5/components/micro_ros_espidf_component/micro_ros_src/install/share/example_interfaces/srv/Trigger.srv
-- Installing: /home/fercikmate/ftn/osurv/espROSso/esp32try5/components/micro_ros_espidf_component/micro_ros_src/install/share/example_interfaces/mapping_rules.yaml
-- Installing: /home/fercikmate/ftn/osurv/espROSso/esp32try5/components/micro_ros_espidf_component/micro_ros_src/install/share/ament_index/resource_index/package_run_dependencies/example_interfaces
-- Installing: /home/fercikmate/ftn/osurv/espROSso/esp32try5/components/micro_ros_espidf_component/micro_ros_src/install/share/ament_index/resource_index/parent_prefix_path/example_interfaces
-- Installing: /home/fercikmate/ftn/osurv/espROSso/esp32try5/components/micro_ros_espidf_component/micro_ros_src/install/share/example_interfaces/environment/ament_prefix_path.sh
-- Installing: /home/fercikmate/ftn/osurv/espROSso/esp32try5/components/micro_ros_espidf_component/micro_ros_src/install/share/example_interfaces/environment/ament_prefix_path.dsv
-- Installing: /home/fercikmate/ftn/osurv/espROSso/esp32try5/components/micro_ros_espidf_component/micro_ros_src/install/share/example_interfaces/environment/path.sh
-- Installing: /home/fercikmate/ftn/osurv/espROSso/esp32try5/components/micro_ros_espidf_component/micro_ros_src/install/share/example_interfaces/environment/path.dsv
-- Installing: /home/fercikmate/ftn/osurv/espROSso/esp32try5/components/micro_ros_espidf_component/micro_ros_src/install/share/example_interfaces/local_setup.bash
-- Installing: /home/fercikmate/ftn/osurv/espROSso/esp32try5/components/micro_ros_espidf_component/micro_ros_src/install/share/example_interfaces/local_setup.sh
-- Installing: /home/fercikmate/ftn/osurv/espROSso/esp32try5/components/micro_ros_espidf_component/micro_ros_src/install/share/example_interfaces/local_setup.zsh
-- Installing: /home/fercikmate/ftn/osurv/espROSso/esp32try5/components/micro_ros_espidf_component/micro_ros_src/install/share/example_interfaces/local_setup.dsv
-- Installing: /home/fercikmate/ftn/osurv/espROSso/esp32try5/components/micro_ros_espidf_component/micro_ros_src/install/share/example_interfaces/package.dsv
-- Installing: /home/fercikmate/ftn/osurv/espROSso/esp32try5/components/micro_ros_espidf_component/micro_ros_src/install/share/ament_index/resource_index/packages/example_interfaces
-- Installing: /home/fercikmate/ftn/osurv/espROSso/esp32try5/components/micro_ros_espidf_component/micro_ros_src/install/share/example_interfaces/cmake/export_example_interfaces__rosidl_generator_cExport.cmake
-- Installing: /home/fercikmate/ftn/osurv/espROSso/esp32try5/components/micro_ros_espidf_component/micro_ros_src/install/share/example_interfaces/cmake/export_example_interfaces__rosidl_generator_cExport-release.cmake
-- Installing: /home/fercikmate/ftn/osurv/espROSso/esp32try5/components/micro_ros_espidf_component/micro_ros_src/install/share/example_interfaces/cmake/example_interfaces__rosidl_typesupport_introspection_cExport.cmake
-- Installing: /home/fercikmate/ftn/osurv/espROSso/esp32try5/components/micro_ros_espidf_component/micro_ros_src/install/share/example_interfaces/cmake/example_interfaces__rosidl_typesupport_introspection_cExport-release.cmake
-- Installing: /home/fercikmate/ftn/osurv/espROSso/esp32try5/components/micro_ros_espidf_component/micro_ros_src/install/share/example_interfaces/cmake/example_interfaces__rosidl_typesupport_cExport.cmake
-- Installing: /home/fercikmate/ftn/osurv/espROSso/esp32try5/components/micro_ros_espidf_component/micro_ros_src/install/share/example_interfaces/cmake/example_interfaces__rosidl_typesupport_cExport-release.cmake
-- Installing: /home/fercikmate/ftn/osurv/espROSso/esp32try5/components/micro_ros_espidf_component/micro_ros_src/install/share/example_interfaces/cmake/rosidl_cmake-extras.cmake
-- Installing: /home/fercikmate/ftn/osurv/espROSso/esp32try5/components/micro_ros_espidf_component/micro_ros_src/install/share/example_interfaces/cmake/ament_cmake_export_dependencies-extras.cmake
-- Installing: /home/fercikmate/ftn/osurv/espROSso/esp32try5/components/micro_ros_espidf_component/micro_ros_src/install/share/example_interfaces/cmake/ament_cmake_export_include_directories-extras.cmake
-- Installing: /home/fercikmate/ftn/osurv/espROSso/esp32try5/components/micro_ros_espidf_component/micro_ros_src/install/share/example_interfaces/cmake/ament_cmake_export_libraries-extras.cmake
-- Installing: /home/fercikmate/ftn/osurv/espROSso/esp32try5/components/micro_ros_espidf_component/micro_ros_src/install/share/example_interfaces/cmake/ament_cmake_export_targets-extras.cmake
-- Installing: /home/fercikmate/ftn/osurv/espROSso/esp32try5/components/micro_ros_espidf_component/micro_ros_src/install/share/example_interfaces/cmake/rosidl_cmake_export_typesupport_targets-extras.cmake
-- Installing: /home/fercikmate/ftn/osurv/espROSso/esp32try5/components/micro_ros_espidf_component/micro_ros_src/install/share/example_interfaces/cmake/rosidl_cmake_export_typesupport_libraries-extras.cmake
-- Installing: /home/fercikmate/ftn/osurv/espROSso/esp32try5/components/micro_ros_espidf_component/micro_ros_src/install/share/example_interfaces/cmake/example_interfacesConfig.cmake
-- Installing: /home/fercikmate/ftn/osurv/espROSso/esp32try5/components/micro_ros_espidf_component/micro_ros_src/install/share/example_interfaces/cmake/example_interfacesConfig-version.cmake
-- Installing: /home/fercikmate/ftn/osurv/espROSso/esp32try5/components/micro_ros_espidf_component/micro_ros_src/install/share/example_interfaces/package.xml
